brand_name,model_name,wurfl_device_id,wurfl_fall_back,Method,Visits,Op Sel Visits,Op Sel Visits Only,LP Visits,Submissions,Subscribers,Conv,RealConv,marketing_name,device_os,device_os_version,release_date,mobile_browser
null,null,null,null,GooglePlay,15,0,0,15,0,0,0,0,null null,null,0,,
null,null,null,null,null,26,0,0,26,0,0,0,0,null null,null,0,,
null,null,null,null,JAVA_APP,1,0,0,1,0,0,0,0,null null,null,0,,
null,null,null,null,WAPPIN,4,0,0,4,0,0,0,0,null null,null,0,,
null,null,null,null,sms,6,0,0,6,0,0,0,0,null null,null,0,,
null,null,null,null,WAP,5,0,0,5,0,1,0.2,0.2,null null,null,0,,
null,null,null,null,Unknown,2,0,0,2,0,0,0,0,null null,null,0,,
Acer,A100,acer_iconia_tab_a100_ver1_suban40,acer_iconia_tab_a100_ver1,GooglePlay,1,0,0,1,0,0,0,0,Acer A100,Android,0,,
Acer,A200,acer_iconia_tab_a200_ver1_suban40chrome,acer_iconia_tab_a200_ver1_suban40,GooglePlay,3,0,0,3,0,0,0,0,Acer A200,Android,0,,
Alcatel,OT-6010X,alcatel_ot_6010_ver1_subuax,alcatel_ot_6010_ver1,GooglePlay,1,0,0,1,0,0,0,0,Alcatel OT-6010X,Android,0,,
Apple,iPad,apple_ipad_ver1_sub321,apple_ipad_ver1,Unknown,1,0,0,1,0,0,0,0,Apple iPad,iOS,0,,
Apple,iPad,apple_ipad_ver1_subua32,apple_ipad_ver1,Unknown,9,0,0,9,0,0,0,0,Apple iPad,iOS,0,,
Apple,iPad,apple_ipad_ver1_sub421,apple_ipad_ver1_sub42,Unknown,1,0,0,1,0,0,0,0,Apple iPad,iOS,0,,
Apple,iPad,apple_ipad_ver1_sub432,apple_ipad_ver1_sub431,Unknown,1,0,0,1,0,0,0,0,Apple iPad,iOS,0,,
Apple,iPad,apple_ipad_ver1_sub5,apple_ipad_ver1_sub432,Unknown,7,0,0,7,0,0,0,0,Apple iPad,iOS,0,,
Apple,iPad,apple_ipad_ver1_sub5_subu,apple_ipad_ver1_sub5,Unknown,1,0,0,1,0,0,0,0,Apple iPad,iOS,0,,
Apple,iPad,apple_ipad_ver1_sub51,apple_ipad_ver1_sub5,Unknown,9,0,0,9,0,0,0,0,Apple iPad,iOS,0,,
Apple,iPad,apple_ipad_ver1_sub51,apple_ipad_ver1_sub5,WAP,1,0,0,1,0,0,0,0,Apple iPad,iOS,0,,
Apple,iPad,apple_ipad_ver1_sub6,apple_ipad_ver1_sub51,Unknown,6,0,0,6,0,0,0,0,Apple iPad,iOS,0,,
Apple,iPad,apple_ipad_ver1_sub6,apple_ipad_ver1_sub51,WAP,2,0,0,2,0,0,0,0,Apple iPad,iOS,0,,
Apple,iPad,apple_ipad_ver1_sub61,apple_ipad_ver1_sub6,Unknown,43,0,0,43,0,0,0,0,Apple iPad,iOS,0,,
Apple,iPad,apple_ipad_ver1_sub61,apple_ipad_ver1_sub6,WAP,2,0,0,2,0,0,0,0,Apple iPad,iOS,0,,
Apple,iPad,apple_ipad_ver1_sub7,apple_ipad_ver1_sub61,WAP,2,0,0,2,0,0,0,0,Apple iPad,iOS,0,,
Apple,iPad,apple_ipad_ver1_sub7,apple_ipad_ver1_sub61,Unknown,41,0,0,41,0,0,0,0,Apple iPad,iOS,0,,
Apple,iPhone,apple_iphone_ver1_suba543,apple_iphone_ver1,Unknown,1,0,0,1,0,0,0,0,Apple iPhone,iOS,0,,
Apple,iPhone,apple_iphone_ver3_1_3_subenus,apple_iphone_ver3_1_3,Unknown,1,0,0,1,0,0,0,0,Apple iPhone,iOS,0,,
Apple,iPhone,apple_iphone_ver5,apple_iphone_ver4,Unknown,4,0,0,4,0,0,0,0,Apple iPhone,iOS,0,,
Apple,iPhone,apple_iphone_ver4_1_subgoog_bot,apple_iphone_ver4_1,Unknown,1,0,0,1,0,0,0,0,Apple iPhone,iOS,0,,
Apple,iPhone,apple_iphone_ver4_2_1,apple_iphone_ver4_2,Unknown,8,0,0,8,0,0,0,0,Apple iPhone,iOS,0,,
Apple,iPhone,apple_iphone_ver4_3_3,apple_iphone_ver4_3_2,WAP,1,0,0,1,0,0,0,0,Apple iPhone,iOS,0,,
Apple,iPhone,apple_iphone_ver4_3_3,apple_iphone_ver4_3_2,Unknown,2,0,0,2,0,0,0,0,Apple iPhone,iOS,0,,
Apple,iPhone,apple_iphone_ver4_3_5,apple_iphone_ver4_3_4,Unknown,1,0,0,1,0,0,0,0,Apple iPhone,iOS,0,,
Apple,iPhone,apple_iphone_ver5_1,apple_iphone_ver5,WAP,1,0,0,1,0,0,0,0,Apple iPhone,iOS,0,,
Apple,iPhone,apple_iphone_ver5_1,apple_iphone_ver5,Unknown,7,0,0,7,0,0,0,0,Apple iPhone,iOS,0,,
Apple,iPhone,apple_iphone_ver5_subua,apple_iphone_ver5,Unknown,6,0,0,6,0,0,0,0,Apple iPhone,iOS,0,,
Apple,iPhone,apple_iphone_ver5_subua,apple_iphone_ver5,WAP,1,0,0,1,0,0,0,0,Apple iPhone,iOS,0,,
Apple,iPhone,apple_iphone_ver6,apple_iphone_ver5,Unknown,19,0,0,19,0,0,0,0,Apple iPhone,iOS,0,,
Apple,iPhone,apple_iphone_ver6,apple_iphone_ver5,WAP,6,0,0,6,0,0,0,0,Apple iPhone,iOS,0,,
Apple,iPhone,apple_iphone_ver6_1,apple_iphone_ver6,WAP,1,0,0,1,0,0,0,0,Apple iPhone,iOS,0,,
Apple,iPhone,apple_iphone_ver6_1,apple_iphone_ver6,Unknown,11,0,0,11,0,0,0,0,Apple iPhone,iOS,0,,
Apple,iPhone,apple_iphone_ver7,apple_iphone_ver6,Unknown,198,0,0,198,0,0,0,0,Apple iPhone,iOS,0,,
Apple,iPhone,apple_iphone_ver7,apple_iphone_ver6,WAP,42,0,0,42,0,2,0.047619047619047616,0.047619047619047616,Apple iPhone,iOS,0,,
Apple,iPhone,apple_iphone_ver6_1_subuaucb3k,apple_iphone_ver6_1,SMS_WAP,1,0,0,1,0,0,0,0,Apple iPhone,iOS,0,,
Apple,iPhone,apple_iphone_ver6_1_subuaucb3k,apple_iphone_ver6_1,Unknown,93,0,0,93,0,0,0,0,Apple iPhone,iOS,0,,
Apple,iPhone,apple_iphone_ver6_1_subuaucb3k,apple_iphone_ver6_1,WAP,46,0,0,46,0,0,0,0,Apple iPhone,iOS,0,,
Apple,iPod Touch,apple_ipod_touch_ver6_1,apple_ipod_touch_ver6,Unknown,7,0,0,7,0,0,0,0,Apple iPod Touch,iOS,0,,
Apple,iPod Touch,apple_ipod_touch_ver7_subuatouch,apple_ipod_touch_ver7,Unknown,3,0,0,3,0,0,0,0,Apple iPod Touch,iOS,0,,
Asus,TF101,asus_eee_pad_tf101_ver1_suban40,asus_eee_pad_tf101_ver1,GooglePlay,1,0,0,1,0,0,0,0,Asus TF101,Android,0,,
Asus,ME301T,asus_me301t_ver1_suban42,asus_me301t_ver1,GooglePlay,1,0,0,1,0,0,0,0,Asus ME301T,Android,0,,
RIM,BlackBerry 9300,blackberry9300_ver1,blackberry_generic_ver5,JAVA_APP,1,0,0,1,0,0,0,0,RIM BlackBerry 9300,RIM OS,0,,
RIM,BlackBerry 9700,blackberry9700_ver1,blackberry_generic_ver5,null,1,0,0,1,0,0,0,0,RIM BlackBerry 9700,RIM OS,0,,
RIM,BlackBerry 9800,blackberry9800_ver1,blackberry_generic_ver6,WAP,1,0,0,1,0,0,0,0,RIM BlackBerry 9800,RIM OS,0,,
RIM,BlackBerry 9800,blackberry9800_ver1,blackberry_generic_ver6,null,1,0,0,1,0,0,0,0,RIM BlackBerry 9800,RIM OS,0,,
RIM,BlackBerry 9320,blackberry9320_ver1,blackberry_generic_ver7,sms,1,0,0,1,0,0,0,0,RIM BlackBerry 9320,RIM OS,0,,
RIM,BlackBerry 9360,blackberry9360_ver1,blackberry_generic_ver7,sms,1,0,0,1,0,0,0,0,RIM BlackBerry 9360,RIM OS,0,,
RIM,BlackBerry 9790,blackberry9790_ver1,blackberry_generic_ver7,null,2,0,0,2,0,0,0,0,RIM BlackBerry 9790,RIM OS,0,,
RIM,BlackBerry 9790,blackberry9790_ver1,blackberry_generic_ver7,sms,3,0,0,3,0,0,0,0,RIM BlackBerry 9790,RIM OS,0,,
RIM,BlackBerry 9810,blackberry9810_ver1,blackberry_generic_ver7,sms,1,0,0,1,0,0,0,0,RIM BlackBerry 9810,RIM OS,0,,
RIM,BlackBerry 9981,blackberry9981_ver1,blackberry_generic_ver7,null,1,0,0,1,0,0,0,0,RIM BlackBerry 9981,RIM OS,0,,
BlackBerry,KBD,blackberry_q10_ver1_subos101,blackberry_q10_ver1,sms,5,0,0,5,0,0,0,0,BlackBerry KBD,RIM OS,0,,
BlackBerry,Z10,blackberry_z10_ver1_subuald10,blackberry_z10_ver1,sms,1,0,0,1,0,0,0,0,BlackBerry Z10,RIM OS,0,,
BlackBerry,Z10,blackberry_z10_ver1_subuald10010,blackberry_z10_ver1,sms,1,0,0,1,0,0,0,0,BlackBerry Z10,RIM OS,0,,
BlackBerry,Z10,blackberry_z10_ver1_subuald101,blackberry_z10_ver1,sms,1,0,0,1,0,0,0,0,BlackBerry Z10,RIM OS,0,,
BlackBerry,Z10,blackberry_z10_ver1_subuald101,blackberry_z10_ver1,null,1,0,0,1,0,0,0,0,BlackBerry Z10,RIM OS,0,,
RIM,BlackBerry 8520,blackberry8520_ver1_sub500822,blackberry8520_ver1,JAVA_APP,1,0,0,1,0,0,0,0,RIM BlackBerry 8520,RIM OS,0,,
RIM,BlackBerry 9105,blackberry9105_ver1_subos6,blackberry9105_ver1,sms,1,0,0,1,0,0,0,0,RIM BlackBerry 9105,RIM OS,0,,
RIM,BlackBerry 9300,blackberry9300_ver1_sub_os6,blackberry9300_ver1,null,1,0,0,1,0,0,0,0,RIM BlackBerry 9300,RIM OS,0,,
RIM,BlackBerry 9360,blackberry9360_ver1_subos71,blackberry9360_ver1,sms,2,0,0,2,0,0,0,0,RIM BlackBerry 9360,RIM OS,0,,
RIM,BlackBerry 9360,blackberry9360_ver1_subos71,blackberry9360_ver1,WAP,1,0,0,1,0,0,0,0,RIM BlackBerry 9360,RIM OS,0,,
RIM,BlackBerry 9360,blackberry9360_ver1_subos71,blackberry9360_ver1,null,1,0,0,1,0,0,0,0,RIM BlackBerry 9360,RIM OS,0,,
RIM,BlackBerry 9700,blackberry9700_ver1_subos6,blackberry9700_ver1,null,2,0,0,2,0,0,0,0,RIM BlackBerry 9700,RIM OS,0,,
RIM,BlackBerry 9700,blackberry9700_ver1_subos6,blackberry9700_ver1,JAVA_APP,2,0,0,2,0,0,0,0,RIM BlackBerry 9700,RIM OS,0,,
RIM,BlackBerry 9780,blackberry9780_ver1_sub600131,blackberry9780_ver1,null,1,0,0,1,0,0,0,0,RIM BlackBerry 9780,RIM OS,0,,
RIM,BlackBerry 9780,blackberry9780_ver1_sub600131,blackberry9780_ver1,sms,1,0,0,1,0,0,0,0,RIM BlackBerry 9780,RIM OS,0,,
RIM,BlackBerry 9780,blackberry9780_ver1_sub600214,blackberry9780_ver1,null,4,0,0,4,0,0,0,0,RIM BlackBerry 9780,RIM OS,0,,
RIM,BlackBerry 9780,blackberry9780_ver1_sub600214,blackberry9780_ver1,sms,3,0,0,3,0,0,0,0,RIM BlackBerry 9780,RIM OS,0,,
RIM,BlackBerry 9780,blackberry9780_ver1_submozua,blackberry9780_ver1,sms,4,0,0,4,0,0,0,0,RIM BlackBerry 9780,RIM OS,0,,
RIM,BlackBerry 9780,blackberry9780_ver1_submozua,blackberry9780_ver1,null,1,0,0,1,0,0,0,0,RIM BlackBerry 9780,RIM OS,0,,
RIM,BlackBerry 9790,blackberry9790_ver1_subos71,blackberry9790_ver1,null,1,0,0,1,0,0,0,0,RIM BlackBerry 9790,RIM OS,0,,
RIM,BlackBerry 9790,blackberry9790_ver1_subos71,blackberry9790_ver1,sms,3,0,0,3,0,0,0,0,RIM BlackBerry 9790,RIM OS,0,,
RIM,BlackBerry Bold Touch 9900,blackberry9900_ver1_sub_os7,blackberry9900_ver1,WAP,1,0,0,1,0,0,0,0,RIM BlackBerry Bold Touch 9900,RIM OS,0,,
RIM,BlackBerry Bold Touch 9900,blackberry9900_ver1_sub_os7,blackberry9900_ver1,null,2,0,0,2,0,0,0,0,RIM BlackBerry Bold Touch 9900,RIM OS,0,,
RIM,BlackBerry Bold Touch 9900,blackberry9900_ver1_subua71,blackberry9900_ver1,sms,8,0,0,8,0,0,0,0,RIM BlackBerry Bold Touch 9900,RIM OS,0,,
RIM,BlackBerry Bold Touch 9900,blackberry9900_ver1_subua71,blackberry9900_ver1,WAP,1,0,0,1,0,0,0,0,RIM BlackBerry Bold Touch 9900,RIM OS,0,,
RIM,BlackBerry Bold Touch 9900,blackberry9900_ver1_subua71,blackberry9900_ver1,null,5,0,0,5,0,0,0,0,RIM BlackBerry Bold Touch 9900,RIM OS,0,,
RIM,Blackberry Bold Touch 9930,blackberry9930_ver1_subos71,blackberry9930_ver1,null,1,0,0,1,0,0,0,0,RIM Blackberry Bold Touch 9930,RIM OS,0,,
Coby,MID1042,coby_mid1042_ver1_subuachrome,coby_mid1042_ver1,GooglePlay,1,0,0,1,0,0,0,0,Coby MID1042,Android,0,,
Mozilla,Firefox,firefox_1_0,firefox,null,4,0,0,4,0,0,0,0,Mozilla Firefox,Desktop,0,,
Mozilla,Firefox,firefox_13_0,firefox_12_0,sms,1,0,0,1,0,0,0,0,Mozilla Firefox,Desktop,0,,
Mozilla,Firefox,firefox_16_0,firefox_15_0,sms,2,0,0,2,0,0,0,0,Mozilla Firefox,Desktop,0,,
Mozilla,Firefox,firefox_23_0,firefox_22_0,sms,2,0,0,2,0,0,0,0,Mozilla Firefox,Desktop,0,,
Mozilla,Firefox,firefox_24_0,firefox_23_0,sms,10,0,0,10,0,0,0,0,Mozilla Firefox,Desktop,0,,
Mozilla,Firefox,firefox_24_0,firefox_23_0,WAP,1,0,0,1,0,0,0,0,Mozilla Firefox,Desktop,0,,
Mozilla,Firefox,firefox_24_0,firefox_23_0,null,8,0,0,8,0,0,0,0,Mozilla Firefox,Desktop,0,,
Mozilla,Firefox,firefox_3_5,firefox_3_0,null,2,0,0,2,0,0,0,0,Mozilla Firefox,Desktop,0,,
Mozilla,Firefox,firefox_9_0,firefox_8_0,sms,1,0,0,1,0,0,0,0,Mozilla Firefox,Desktop,0,,
Mozilla,Firefox,firefox_10_0,firefox_9_0,null,1,0,0,1,0,0,0,0,Mozilla Firefox,Desktop,0,,
,,generic_mobile,generic,sms,19,0,0,19,0,0,0,0, ,,0,,
,,generic_mobile,generic,null,4,0,0,4,0,0,0,0, ,,0,,
,,generic_mobile,generic,WAP,3,0,0,3,0,0,0,0, ,,0,,
generic web browser,,generic_web_browser,generic,null,1,0,0,1,0,0,0,0,generic web browser ,,0,,
LG,GT540,lg_gt540_ver1,generic_android_ver1_6,GooglePlay,1,0,0,1,0,0,0,0,LG GT540,Android,0,,
Generic,Android 2.0,generic_android_ver2_0_opera_mobi,generic_android_ver2,WAP,6,0,0,6,0,0,0,0,Generic Android 2.0,Android,0,,
Generic,Android 2.0,generic_android_ver2_0_opera_mobi,generic_android_ver2,GooglePlay,23,0,0,23,0,0,0,0,Generic Android 2.0,Android,0,,
Generic,Android 2.2,generic_android_ver2_2,generic_android_ver2_1,WAP,1,0,0,1,0,0,0,0,Generic Android 2.2,Android,0,,
Mozilla,Firefox for Android,generic_android_ver2_0_fennec,generic_android_ver2_2,GooglePlay,3,0,0,3,0,0,0,0,Mozilla Firefox for Android,Android,0,,
Mozilla,Firefox for Android Tablet,generic_android_ver2_0_fennec_tablet,generic_android_ver2_2,WAP,1,0,0,1,0,0,0,0,Mozilla Firefox for Android Tablet,Android,0,,
Mozilla,Firefox for Android Tablet,generic_android_ver2_0_fennec_tablet,generic_android_ver2_2,GooglePlay,2,0,0,2,0,0,0,0,Mozilla Firefox for Android Tablet,Android,0,,
Generic,Android 2.3,generic_android_ver2_3,generic_android_ver2_2,WAP,1,0,0,1,0,0,0,0,Generic Android 2.3,Android,0,,
Generic,Android 2.3,generic_android_ver2_3,generic_android_ver2_2,GooglePlay,8,0,0,8,0,0,0,0,Generic Android 2.3,Android,0,,
Huawei,U9000,huawei_ideos_x6_ver1,generic_android_ver2_2,GooglePlay,1,0,0,1,0,0,0,0,Huawei U9000,Android,0,,
Huawei,U8800 Pro,huawei_u8800pro_ver1,generic_android_ver2_2,WAP,1,0,0,1,0,0,0,0,Huawei U8800 Pro,Android,0,,
LG,P920,lg_p920_ver1,generic_android_ver2_2,GooglePlay,1,0,0,1,0,0,0,0,LG P920,Android,0,,
LG,P970,lg_p970_ver1,generic_android_ver2_2,GooglePlay,1,0,0,1,0,0,0,0,LG P970,Android,0,,
LG,P970,lg_p970_ver1,generic_android_ver2_2,WAP,5,0,0,5,0,0,0,0,LG P970,Android,0,,
Samsung,GT-P1000,samsung_galaxy_tab_ver1,generic_android_ver2_2,GooglePlay,3,0,0,3,0,0,0,0,Samsung GT-P1000,Android,0,,
Samsung,GT-I9003,samsung_gt_i9003_ver1,generic_android_ver2_2,WAP,1,0,0,1,0,0,0,0,Samsung GT-I9003,Android,0,,
Samsung,GT-I9003,samsung_gt_i9003_ver1,generic_android_ver2_2,GooglePlay,5,0,0,5,0,0,0,0,Samsung GT-I9003,Android,0,,
Samsung,GT-S5660,samsung_gt_s5660_ver1,generic_android_ver2_2,WAP,1,0,0,1,0,0,0,0,Samsung GT-S5660,Android,0,,
Coby,MID7022,coby_mid7022_ver1,generic_android_ver2_3,GooglePlay,1,0,0,1,0,0,0,0,Coby MID7022,Android,0,,
HTC,A510,htc_wildfire_s_ver1,generic_android_ver2_3,GooglePlay,3,0,0,3,0,0,0,0,HTC A510,Android,0,,
Huawei,U8655,huawei_u8655_ver1,generic_android_ver2_3,GooglePlay,4,0,0,4,0,0,0,0,Huawei U8655,Android,0,,
LG,P698F,lg_p698f_ver1,generic_android_ver2_3,GooglePlay,1,0,0,1,0,0,0,0,LG P698F,Android,0,,
Micromax,A30,micromax_a30_ver1,generic_android_ver2_3,WAP,1,0,0,1,0,0,0,0,Micromax A30,Android,0,,
Samsung,GT-B5512,samsung_gt_b5512_ver1,generic_android_ver2_3,GooglePlay,3,0,0,3,0,0,0,0,Samsung GT-B5512,Android,0,,
Samsung,GT-B5512,samsung_gt_b5512_ver1,generic_android_ver2_3,WAP,3,0,0,3,0,0,0,0,Samsung GT-B5512,Android,0,,
Samsung,GT-I8150,samsung_gt_i8150_ver1,generic_android_ver2_3,GooglePlay,4,0,0,4,0,0,0,0,Samsung GT-I8150,Android,0,,
Samsung,GT-I8160,samsung_gt_i8160_ver1,generic_android_ver2_3,GooglePlay,32,0,0,32,0,0,0,0,Samsung GT-I8160,Android,0,,
Samsung,GT-I8160,samsung_gt_i8160_ver1,generic_android_ver2_3,WAP,9,0,0,9,0,0,0,0,Samsung GT-I8160,Android,0,,
Samsung,GT-I9001,samsung_gt_i9001_ver1,generic_android_ver2_3,WAP,4,0,0,4,0,0,0,0,Samsung GT-I9001,Android,0,,
Samsung,GT-I9001,samsung_gt_i9001_ver1,generic_android_ver2_3,GooglePlay,18,0,0,18,0,0,0,0,Samsung GT-I9001,Android,0,,
Samsung,GT-I9100,samsung_gt_i9100_ver1,generic_android_ver2_3,GooglePlay,18,0,0,18,0,0,0,0,Samsung GT-I9100,Android,0,,
Samsung,GT-I9100,samsung_gt_i9100_ver1,generic_android_ver2_3,WAP,6,0,0,6,0,0,0,0,Samsung GT-I9100,Android,0,,
Samsung,GT-I9103,samsung_gt_i9103_ver1,generic_android_ver2_3,GooglePlay,2,0,0,2,0,0,0,0,Samsung GT-I9103,Android,0,,
Samsung,GT-N7000,samsung_gt_n7000_ver1,generic_android_ver2_3,GooglePlay,5,0,0,5,0,0,0,0,Samsung GT-N7000,Android,0,,
Samsung,GT-S5300,samsung_gt_s5300_ver1,generic_android_ver2_3,GooglePlay,18,0,0,18,0,0,0,0,Samsung GT-S5300,Android,0,,
Samsung,GT-S5300,samsung_gt_s5300_ver1,generic_android_ver2_3,WAP,2,0,0,2,0,0,0,0,Samsung GT-S5300,Android,0,,
Samsung,GT-S5302,samsung_gt_s5302_ver1,generic_android_ver2_3,WAP,1,0,0,1,0,0,0,0,Samsung GT-S5302,Android,0,,
Samsung,GT-S5302,samsung_gt_s5302_ver1,generic_android_ver2_3,GooglePlay,6,0,0,6,0,0,0,0,Samsung GT-S5302,Android,0,,
Samsung,GT-S5570I,samsung_gt_s5570i_ver1,generic_android_ver2_3,GooglePlay,2,0,0,2,0,0,0,0,Samsung GT-S5570I,Android,0,,
Samsung,GT-S5839i,samsung_gt_s5839i_ver1,generic_android_ver2_3,GooglePlay,1,0,0,1,0,0,0,0,Samsung GT-S5839i,Android,0,,
Samsung,GT-S6102,samsung_gt_s6102_ver1,generic_android_ver2_3,GooglePlay,33,0,0,33,0,0,0,0,Samsung GT-S6102,Android,0,,
Samsung,GT-S6102,samsung_gt_s6102_ver1,generic_android_ver2_3,WAP,13,0,0,13,0,1,0.07692307692307693,0.07692307692307693,Samsung GT-S6102,Android,0,,
Samsung,GT-S6802,samsung_gt_s6802_ver1,generic_android_ver2_3,GooglePlay,22,0,0,22,0,0,0,0,Samsung GT-S6802,Android,0,,
Samsung,GT-S6802,samsung_gt_s6802_ver1,generic_android_ver2_3,WAP,28,0,0,28,0,0,0,0,Samsung GT-S6802,Android,0,,
SonyEricsson,LT22i,sonyericsson_lt22i_ver1,generic_android_ver2_3,GooglePlay,1,0,0,1,0,0,0,0,SonyEricsson LT22i,Android,0,,
SonyEricsson,SK17i,sonyericsson_sk17i_ver1,generic_android_ver2_3,GooglePlay,1,0,0,1,0,0,0,0,SonyEricsson SK17i,Android,0,,
SonyEricsson,ST25i,sonyericsson_st25i_ver1,generic_android_ver2_3,GooglePlay,2,0,0,2,0,0,0,0,SonyEricsson ST25i,Android,0,,
SonyEricsson,ST27i,sonyericsson_st27_ver1,generic_android_ver2_3,WAP,1,0,0,1,0,0,0,0,SonyEricsson ST27i,Android,0,,
SonyEricsson,WT19i,sonyericsson_wt19i_ver1,generic_android_ver2_3,GooglePlay,1,0,0,1,0,0,0,0,SonyEricsson WT19i,Android,0,,
Opera,Mobi for Android,generic_android_ver2_3_opera_mobi_11,generic_android_ver2_3_opera_mobi,GooglePlay,1,0,0,1,0,0,0,0,Opera Mobi for Android,Android,0,,
Opera,Mobi for Android,uabait_opera_mobi_android_2_3_ver11,generic_android_ver2_3_opera_mobi,GooglePlay,4,0,0,4,0,0,0,0,Opera Mobi for Android,Android,0,,
Generic,Android 4.0,generic_android_ver4,generic_android_ver2_4,GooglePlay,20,0,0,20,0,0,0,0,Generic Android 4.0,Android,0,,
Generic,Android 4.0,generic_android_ver4,generic_android_ver2_4,WAP,5,0,0,5,0,1,0.2,0.2,Generic Android 4.0,Android,0,,
Opera,Tablet on Android,uabait_opera_tablet_android_3_2,generic_android_ver3_2_opera_tablet,WAP,1,0,0,1,0,0,0,0,Opera Tablet on Android,Android,0,,
Fly,IQ440,fly_iq440_ver1,generic_android_ver4,WAP,1,0,0,1,0,0,0,0,Fly IQ440,Android,0,,
Fly,IQ441,fly_iq441_ver1,generic_android_ver4,WAP,2,0,0,2,0,0,0,0,Fly IQ441,Android,0,,
Fly,IQ441,fly_iq441_ver1,generic_android_ver4,GooglePlay,5,0,0,5,0,0,0,0,Fly IQ441,Android,0,,
Fly,IQ442,fly_iq442_ver1,generic_android_ver4,GooglePlay,1,0,0,1,0,0,0,0,Fly IQ442,Android,0,,
Generic,Android 4.1,generic_android_ver4_1,generic_android_ver4,GooglePlay,23,0,0,23,0,0,0,0,Generic Android 4.1,Android,0,,
Generic,Android 4.1,generic_android_ver4_1,generic_android_ver4,WAP,11,0,0,11,0,0,0,0,Generic Android 4.1,Android,0,,
HTC,HTC Desire SV,htc_desire_sv_ver1,generic_android_ver4,GooglePlay,1,0,0,1,0,0,0,0,HTC HTC Desire SV,Android,0,,
HTC,One V,htc_one_v_ver1,generic_android_ver4,WAP,1,0,0,1,0,0,0,0,HTC One V,Android,0,,
HTC,PJ83100,htc_one_x_ver1,generic_android_ver4,WAP,1,0,0,1,0,0,0,0,HTC PJ83100,Android,0,,
Huawei,U8825D,huawei_u8825d_ver1,generic_android_ver4,WAP,2,0,0,2,0,0,0,0,Huawei U8825D,Android,0,,
Lenco,CoolTab-70,lenco_cooltab_70_ver1,generic_android_ver4,GooglePlay,1,0,0,1,0,0,0,0,Lenco CoolTab-70,Android,0,,
LG,E612,lg_e612_ver1,generic_android_ver4,WAP,1,0,0,1,0,0,0,0,LG E612,Android,0,,
Samsung,GT-I9300,samsung_gt_i9300_ver1,generic_android_ver4,GooglePlay,4,0,0,4,0,0,0,0,Samsung GT-I9300,Android,0,,
Samsung,GT-P3100,samsung_gt_p3100_ver1,generic_android_ver4,GooglePlay,2,0,0,2,0,0,0,0,Samsung GT-P3100,Android,0,,
Samsung,GT-P3100,samsung_gt_p3100_ver1,generic_android_ver4,WAP,6,0,0,6,0,0,0,0,Samsung GT-P3100,Android,0,,
Samsung,GT-P5100,samsung_gt_p5100_ver1,generic_android_ver4,GooglePlay,30,0,0,30,0,0,0,0,Samsung GT-P5100,Android,0,,
Samsung,GT-P5100,samsung_gt_p5100_ver1,generic_android_ver4,WAP,16,0,0,16,0,0,0,0,Samsung GT-P5100,Android,0,,
Samsung,GT-S7562,samsung_gt_s7562_ver1,generic_android_ver4,GooglePlay,69,0,0,69,0,0,0,0,Samsung GT-S7562,Android,0,,
Samsung,GT-S7562,samsung_gt_s7562_ver1,generic_android_ver4,WAP,32,0,0,32,0,0,0,0,Samsung GT-S7562,Android,0,,
Sony,C1605,sony_c1605_ver1,generic_android_ver4,GooglePlay,1,0,0,1,0,0,0,0,Sony C1605,Android,0,,
Sony,LT29i,sony_lt29i_ver1,generic_android_ver4,WAP,12,0,0,12,0,0,0,0,Sony LT29i,Android,0,,
Sony,ST26i,sony_st26i_ver1,generic_android_ver4,WAP,1,0,0,1,0,0,0,0,Sony ST26i,Android,0,,
Sony Ericsson,LT26ii,sonyericsson_lt26ii_ver1,generic_android_ver4,GooglePlay,3,0,0,3,0,0,0,0,Sony Ericsson LT26ii,Android,0,,
SonyEricsson,MT25i,sonyericsson_mt25i_ver1,generic_android_ver4,GooglePlay,2,0,0,2,0,0,0,0,SonyEricsson MT25i,Android,0,,
SonyEricsson,MT25i,sonyericsson_mt25i_ver1,generic_android_ver4,WAP,2,0,0,2,0,0,0,0,SonyEricsson MT25i,Android,0,,
Xtouch,X403,xtouch_x403_ver1,generic_android_ver4,WAP,1,0,0,1,0,0,0,0,Xtouch X403,Android,0,,
Opera,Mobi for Android,uabait_opera_mobi_android_4_0_ver11,generic_android_ver4_0_opera_mobi,GooglePlay,6,0,0,6,0,0,0,0,Opera Mobi for Android,Android,0,,
Opera,Mobi for Android,uabait_opera_mobi_android_4_0_ver11,generic_android_ver4_0_opera_mobi,WAP,1,0,0,1,0,0,0,0,Opera Mobi for Android,Android,0,,
Asus,ME172V,asus_me172v_ver1,generic_android_ver4_1,GooglePlay,1,0,0,1,0,0,0,0,Asus ME172V,Android,0,,
Fly,IQ451,fly_iq451_ver1,generic_android_ver4_1,GooglePlay,2,0,0,2,0,0,0,0,Fly IQ451,Android,0,,
Meizu,M040,meizu_m040_ver1,generic_android_ver4_1,GooglePlay,2,0,0,2,0,0,0,0,Meizu M040,Android,0,,
Samsung,GT-I8262,samsung_gt_i8262_ver1,generic_android_ver4_1,WAP,2,0,0,2,0,0,0,0,Samsung GT-I8262,Android,0,,
Samsung,GT-I8262,samsung_gt_i8262_ver1,generic_android_ver4_1,GooglePlay,6,0,0,6,0,0,0,0,Samsung GT-I8262,Android,0,,
Samsung,GT-I8552,samsung_gt_i8552_ver1,generic_android_ver4_1,WAP,1,0,0,1,0,0,0,0,Samsung GT-I8552,Android,0,,
Samsung,GT-I8552,samsung_gt_i8552_ver1,generic_android_ver4_1,GooglePlay,2,0,0,2,0,0,0,0,Samsung GT-I8552,Android,0,,
Samsung,GT-I9082,samsung_gt_i9082_ver1,generic_android_ver4_1,GooglePlay,24,0,0,24,0,0,0,0,Samsung GT-I9082,Android,0,,
Samsung,GT-I9082,samsung_gt_i9082_ver1,generic_android_ver4_1,WAP,26,0,0,26,0,1,0.038461538461538464,0.038461538461538464,Samsung GT-I9082,Android,0,,
Samsung,GT-N5100,samsung_gt_n5100_ver1,generic_android_ver4_1,GooglePlay,2,0,0,2,0,0,0,0,Samsung GT-N5100,Android,0,,
Samsung,GT-N7100,samsung_gt_n7100_ver1,generic_android_ver4_1,WAP,9,0,0,9,0,0,0,0,Samsung GT-N7100,Android,0,,
Samsung,GT-N7100,samsung_gt_n7100_ver1,generic_android_ver4_1,GooglePlay,34,0,0,34,0,0,0,0,Samsung GT-N7100,Android,0,,
Samsung,GT-S5310,samsung_gt_s5310_ver1,generic_android_ver4_1,GooglePlay,1,0,0,1,0,0,0,0,Samsung GT-S5310,Android,0,,
Samsung,GT-S6312,samsung_gt_s6312_ver1,generic_android_ver4_1,GooglePlay,4,0,0,4,0,0,0,0,Samsung GT-S6312,Android,0,,
Sony,C2105,sony_c2105_ver1,generic_android_ver4_1,GooglePlay,6,0,0,6,0,0,0,0,Sony C2105,Android,0,,
Sony,C2105,sony_c2105_ver1,generic_android_ver4_1,WAP,1,0,0,1,0,0,0,0,Sony C2105,Android,0,,
Sony,C5303,sony_c5303_ver1,generic_android_ver4_1,GooglePlay,1,0,0,1,0,0,0,0,Sony C5303,Android,0,,
Opera,Tablet on Android,uabait_opera_tablet_android_4_1_ver12,generic_android_ver4_1_opera_tablet,GooglePlay,3,0,0,3,0,0,0,0,Opera Tablet on Android,Android,0,,
Samsung,GT-I9200,samsung_gt_i9200_ver1,generic_android_ver4_2,GooglePlay,2,0,0,2,0,0,0,0,Samsung GT-I9200,Android,0,,
Samsung,GT-I9500,samsung_gt_i9500_ver1,generic_android_ver4_2,GooglePlay,30,0,0,30,0,0,0,0,Samsung GT-I9500,Android,0,,
Samsung,GT-I9500,samsung_gt_i9500_ver1,generic_android_ver4_2,WAP,10,0,0,10,0,0,0,0,Samsung GT-I9500,Android,0,,
Samsung,GT-I9500,samsung_gt_i9500_ver1,generic_android_ver4_2,sms,5,0,0,5,0,0,0,0,Samsung GT-I9500,Android,0,,
Samsung,GT-P5200,samsung_gt_p5200_ver1,generic_android_ver4_2,WAP,1,0,0,1,0,0,0,0,Samsung GT-P5200,Android,0,,
Samsung,GT-P5200,samsung_gt_p5200_ver1,generic_android_ver4_2,GooglePlay,4,0,0,4,0,0,0,0,Samsung GT-P5200,Android,0,,
Opera,Mobi for Android,uabait_opera_mobi_android_4_2_ver11,generic_android_ver4_2_opera_mobi,GooglePlay,2,0,0,2,0,0,0,0,Opera Mobi for Android,Android,0,,
Samsung,GT-S5230,samsung_gt_s5230_ver1,generic_dolfin,WAP,1,0,0,1,0,1,1,1,Samsung GT-S5230,,0,,
Samsung,GT S5560,samsung_gt_s5560_ver1,generic_dolfin,WAP,1,0,0,1,0,0,0,0,Samsung GT S5560,,0,,
Samsung,GT-B7722,samsung_gt_b7722_ver1,generic_dolfin1_5,WAP,1,0,0,1,0,0,0,0,Samsung GT-B7722,,0,,
Samsung,GT-C6712,samsung_gt_c6712_ver1,generic_dolfin2_0,WAP,6,0,0,6,0,1,0.16666666666666666,0.16666666666666666,Samsung GT-C6712,,0,,
Samsung,GT-C6712,samsung_gt_c6712_ver1,generic_dolfin2_0,sms,4,0,0,4,0,0,0,0,Samsung GT-C6712,,0,,
Samsung,GT-S3850,samsung_gt_s3850_ver1,generic_dolfin2_0,sms,3,0,0,3,0,0,0,0,Samsung GT-S3850,,0,,
Samsung,GT-S3850,samsung_gt_s3850_ver1,generic_dolfin2_0,WAP,1,0,0,1,0,0,0,0,Samsung GT-S3850,,0,,
Samsung,GT-S5380,samsung_gt_s5380_ver1,generic_dolfin2_0,sms,2,0,0,2,0,0,0,0,Samsung GT-S5380,,0,,
Generic,J2ME Midlet,generic_midp_midlet,generic_mobile,WAP,2,0,0,2,0,0,0,0,Generic J2ME Midlet,,0,,
Nokia,Lumia 710,nokia_lumia_710_ver1,generic_ms_nokia_phone_os7_5,WAP,3,0,0,3,0,1,0.3333333333333333,0.3333333333333333,Nokia Lumia 710,Windows Phone OS,0,,
Nokia,Lumia 710,nokia_lumia_710_ver1,generic_ms_nokia_phone_os7_5,sms,2,0,0,2,0,0,0,0,Nokia Lumia 710,Windows Phone OS,0,,
Nokia,Lumia 710,nokia_lumia_710_ver1,generic_ms_nokia_phone_os7_5,null,8,0,0,8,0,0,0,0,Nokia Lumia 710,Windows Phone OS,0,,
Nokia,Lumia 800,nokia_lumia_800_ver1,generic_ms_nokia_phone_os7_5,sms,10,0,0,10,0,0,0,0,Nokia Lumia 800,Windows Phone OS,0,,
Generic,Windows Phone 7.5,generic_ms_phone_os7_5_desktopmode,generic_ms_phone_os7_5,WAP,1,0,0,1,0,0,0,0,Generic Windows Phone 7.5,Windows Phone OS,0,,
Generic,Windows Phone 7.5,generic_ms_phone_os7_5_desktopmode,generic_ms_phone_os7_5,null,4,0,0,4,0,0,0,0,Generic Windows Phone 7.5,Windows Phone OS,0,,
Nokia,Lumia 510,nokia_lumia_510_ver1,generic_ms_phone_os7_5,null,2,0,0,2,0,0,0,0,Nokia Lumia 510,Windows Phone OS,0,,
Nokia,Lumia 510,nokia_lumia_510_ver1,generic_ms_phone_os7_5,sms,2,0,0,2,0,0,0,0,Nokia Lumia 510,Windows Phone OS,0,,
Nokia,Lumia 610,nokia_lumia_610_ver1,generic_ms_phone_os7_5,sms,12,0,0,12,0,0,0,0,Nokia Lumia 610,Windows Phone OS,0,,
Nokia,Lumia 610,nokia_lumia_610_ver1,generic_ms_phone_os7_5,null,2,0,0,2,0,0,0,0,Nokia Lumia 610,Windows Phone OS,0,,
Nokia,Lumia 610,nokia_lumia_610_ver1,generic_ms_phone_os7_5,WAP,4,0,0,4,0,1,0.25,0.25,Nokia Lumia 610,Windows Phone OS,0,,
Nokia,Lumia 900,nokia_lumia_900_ver1,generic_ms_phone_os7_5,null,2,0,0,2,0,0,0,0,Nokia Lumia 900,Windows Phone OS,0,,
Generic,Windows Phone 8,generic_ms_phone_os8_desktopmode,generic_ms_phone_os8,WAP,2,0,0,2,0,0,0,0,Generic Windows Phone 8,Windows Phone OS,0,,
Generic,Windows Phone 8,generic_ms_phone_os8_desktopmode,generic_ms_phone_os8,sms,1,0,0,1,0,0,0,0,Generic Windows Phone 8,Windows Phone OS,0,,
HTC,Windows Phone 8X,htc_8x_ver1,generic_ms_phone_os8,sms,1,0,0,1,0,0,0,0,HTC Windows Phone 8X,Windows Phone OS,0,,
Nokia,Lumia 520,nokia_lumia_520_ver1,generic_ms_phone_os8,WAP,1,0,0,1,0,0,0,0,Nokia Lumia 520,Windows Phone OS,0,,
Nokia,Lumia 520,nokia_lumia_520_ver1,generic_ms_phone_os8,null,7,0,0,7,0,0,0,0,Nokia Lumia 520,Windows Phone OS,0,,
Nokia,Lumia 520,nokia_lumia_520_ver1,generic_ms_phone_os8,sms,15,0,0,15,0,1,0.06666666666666667,0.06666666666666667,Nokia Lumia 520,Windows Phone OS,0,,
Nokia,Lumia 620,nokia_lumia_620_ver1,generic_ms_phone_os8,sms,4,0,0,4,0,0,0,0,Nokia Lumia 620,Windows Phone OS,0,,
Nokia,Lumia 620,nokia_lumia_620_ver1,generic_ms_phone_os8,null,3,0,0,3,0,0,0,0,Nokia Lumia 620,Windows Phone OS,0,,
Nokia,Lumia 720,nokia_lumia_720_ver1,generic_ms_phone_os8,null,3,0,0,3,0,0,0,0,Nokia Lumia 720,Windows Phone OS,0,,
Nokia,Lumia 720,nokia_lumia_720_ver1,generic_ms_phone_os8,WAP,2,0,0,2,0,1,0.5,0.5,Nokia Lumia 720,Windows Phone OS,0,,
Nokia,Lumia 820,nokia_lumia_820_ver1,generic_ms_phone_os8,WAP,1,0,0,1,0,0,0,0,Nokia Lumia 820,Windows Phone OS,0,,
Nokia,Lumia 820,nokia_lumia_820_ver1,generic_ms_phone_os8,sms,2,0,0,2,0,0,0,0,Nokia Lumia 820,Windows Phone OS,0,,
Nokia,Lumia 920,nokia_lumia_920_ver1,generic_ms_phone_os8,sms,1,0,0,1,0,0,0,0,Nokia Lumia 920,Windows Phone OS,0,,
SonyEricsson,T650i,sonyericsson_t650i_ver1,generic_netfront_ver3_3,null,1,0,0,1,0,0,0,0,SonyEricsson T650i,,0,,
Access,NetFront Ver. 3.5,generic_netfront_ver3_5,generic_netfront_ver3_4,WAP,6,0,0,6,0,1,0.16666666666666666,0.16666666666666666,Access NetFront Ver. 3.5,,0,,
Access,NetFront Ver. 3.5,generic_netfront_ver3_5,generic_netfront_ver3_4,sms,2,0,0,2,0,0,0,0,Access NetFront Ver. 3.5,,0,,
Samsung,C5212,samsung_gt_c5212_ver1,generic_netfront_ver3_4,WAP,1,0,0,1,0,1,1,1,Samsung C5212,,0,,
Samsung,SGH L811,samsung_sgh_l811_ver1,generic_netfront_ver3_4,WAP,1,0,0,1,0,0,0,0,Samsung SGH L811,,0,,
Samsung,GT-C3200,samsung_gt_c3200_ver1,generic_netfront_ver3_5,WAP,1,0,0,1,0,0,0,0,Samsung GT-C3200,,0,,
Samsung,GT C3212,samsung_gt_c3212_ver1,generic_netfront_ver3_5,WAP,1,0,0,1,0,0,0,0,Samsung GT C3212,,0,,
Samsung,GT-C3222,samsung_gt_c3222_ver1,generic_netfront_ver3_5,WAP,4,0,0,4,0,0,0,0,Samsung GT-C3222,,0,,
Samsung,GT C6112,samsung_gt_c6112_ver1,generic_netfront_ver3_5,WAP,1,0,0,1,0,0,0,0,Samsung GT C6112,,0,,
Samsung,GT-E2152,samsung_gt_e2152_ver1,generic_netfront_ver3_5,WAP,2,0,0,2,0,0,0,0,Samsung GT-E2152,,0,,
Samsung,GT-S3350,samsung_gt_s3350_ver1,generic_netfront_ver3_5,WAP,5,0,0,5,0,1,0.2,0.2,Samsung GT-S3350,,0,,
Samsung,GT-E2652W,samsung_gte2652w_ver1,generic_netfront_ver3_5,WAP,1,0,0,1,0,0,0,0,Samsung GT-E2652W,,0,,
Samsung,S5200,samsung_s5200_ver1,generic_netfront_ver3_5,WAP,1,0,0,1,0,0,0,0,Samsung S5200,,0,,
Samsung,GT-C3322,samsung_gt_c3322_ver1,generic_netfront_ver4_1,sms,2,0,0,2,0,0,0,0,Samsung GT-C3322,,0,,
Samsung,GT-C3322,samsung_gt_c3322_ver1,generic_netfront_ver4_1,WAP,19,0,0,19,0,2,0.10526315789473684,0.10526315789473684,Samsung GT-C3322,,0,,
Samsung,GT-C3332,samsung_gt_c3332_ver1,generic_netfront_ver4_1,WAP,1,0,0,1,0,1,1,1,Samsung GT-C3332,,0,,
Samsung,GT-C3752,samsung_gt_c3752_ver1,generic_netfront_ver4_1,WAP,2,0,0,2,0,0,0,0,Samsung GT-C3752,,0,,
Samsung,GT-C3782,samsung_gt_c3782_ver1,generic_netfront_ver4_1,sms,1,0,0,1,0,0,0,0,Samsung GT-C3782,,0,,
Samsung,GT-C3782,samsung_gt_c3782_ver1,generic_netfront_ver4_1,WAP,10,0,0,10,0,1,0.1,0.1,Samsung GT-C3782,,0,,
Samsung,GT-E2222,samsung_gt_e2222_ver1,generic_netfront_ver4_1,WAP,13,0,0,13,0,1,0.07692307692307693,0.07692307692307693,Samsung GT-E2222,,0,,
Samsung,GT-E2222,samsung_gt_e2222_ver1,generic_netfront_ver4_1,sms,1,0,0,1,0,0,0,0,Samsung GT-E2222,,0,,
Samsung,GT-E2252,samsung_gt_e2252_ver1,generic_netfront_ver4_1,WAP,3,0,0,3,0,1,0.3333333333333333,0.3333333333333333,Samsung GT-E2252,,0,,
Samsung,GT-S3572,samsung_gt_s3572_ver1,generic_netfront_ver4_1,WAP,2,0,0,2,0,1,0.5,0.5,Samsung GT-S3572,,0,,
Samsung,GT-S5222,samsung_gt_s5222_ver1,generic_netfront_ver4_1,WAP,7,0,0,7,0,0,0,0,Samsung GT-S5222,,0,,
Samsung,GT-S5292,samsung_gt_s5292_ver1,generic_netfront_ver4_1,WAP,2,0,0,2,0,1,0.5,0.5,Samsung GT-S5292,,0,,
Samsung,GT-S5610,samsung_gt_s5610_ver1,generic_netfront_ver4_1,WAP,5,0,0,5,0,0,0,0,Samsung GT-S5610,,0,,
Opera,Mini 5,generic_opera_mini_android_version5,generic_opera_mini_android_version4,GooglePlay,40,0,0,40,0,1,0.025,0.025,Opera Mini 5,Android,0,,
Opera,Mini 5,uabait_opera_mini_blackberry_v50_op98,generic_opera_mini_blackberry_version5,null,1,0,0,1,0,0,0,0,Opera Mini 5,,0,,
Opera,Mini 1,uabait_opera_mini_v10_op98,generic_opera_mini_version1,sms,5,0,0,5,0,0,0,0,Opera Mini 1,,0,,
Opera,Mini 1,uabait_opera_mini_v10_op98,generic_opera_mini_version1,null,17,0,0,17,0,0,0,0,Opera Mini 1,,0,,
Opera,Mini 3,uabait_opera_mini_v31_op80,generic_opera_mini_version3,WAPPIN,1,0,0,1,0,0,0,0,Opera Mini 3,,0,,
Opera,Mini 4,uabait_opera_mini_v41_op98,generic_opera_mini_version4,null,5,0,0,5,0,0,0,0,Opera Mini 4,,0,,
Opera,Mini 4,uabait_opera_mini_v41_op98,generic_opera_mini_version4,WAPPIN,2,0,0,2,0,0,0,0,Opera Mini 4,,0,,
Opera,Mini 4,uabait_opera_mini_v42_op98,generic_opera_mini_version4,null,11,0,0,11,0,0,0,0,Opera Mini 4,,0,,
Opera,Mini 4,uabait_opera_mini_v42_op98,generic_opera_mini_version4,WAPPIN,10,0,0,10,0,0,0,0,Opera Mini 4,,0,,
Opera,Mini 4,uabait_opera_mini_v43_op98,generic_opera_mini_version4,WAPPIN,1,0,0,1,0,0,0,0,Opera Mini 4,,0,,
Opera,Mini 4,uabait_opera_mini_v43_op98,generic_opera_mini_version4,null,1,0,0,1,0,0,0,0,Opera Mini 4,,0,,
Opera,Mini 4,uabait_opera_mini_v45_op98,generic_opera_mini_version4,null,2,0,0,2,0,0,0,0,Opera Mini 4,,0,,
Opera,Mini 4,uabait_opera_mini_v45_op98,generic_opera_mini_version4,sms,2,0,0,2,0,0,0,0,Opera Mini 4,,0,,
Opera,Mini 5,uabait_opera_mini_v55_op98,generic_opera_mini_version5,null,2,0,0,2,0,0,0,0,Opera Mini 5,,0,,
SonyEricsson,W995,sonyericsson_w995_ver1,generic_sonyericsson_netfront_ver3_4,WAP,1,0,0,1,0,0,0,0,SonyEricsson W995,,0,,
Robot,Bot or Crawler,generic_web_crawler,generic_web_browser,null,7,0,0,7,0,0,0,0,Robot Bot or Crawler,,0,,
Google,Bot,google_bot,generic_web_crawler,sms,1,0,0,1,0,0,0,0,Google Bot,,0,,
Generic,Android,generic_android,generic_xhtml,WAP,4,0,0,4,0,0,0,0,Generic Android,Android,0,,
Generic,Android,generic_android,generic_xhtml,GooglePlay,17,0,0,17,0,0,0,0,Generic Android,Android,0,,
MAUI-based Generic,MAUI WAP Browser,generic_maui_wap_browser,generic_xhtml,sms,3,0,0,3,0,0,0,0,MAUI-based Generic MAUI WAP Browser,MTK/Nucleus OS,0,,
Nokia,112,nokia_112_ver1,generic_xhtml,WAP,1,0,0,1,0,0,0,0,Nokia 112,,0,,
Google,Chrome,google_chrome_0,google_chrome,null,3,0,0,3,0,0,0,0,Google Chrome,Desktop,0,,
Google,Chrome,google_chrome_1,google_chrome_0,WAP,1,0,0,1,0,0,0,0,Google Chrome,Desktop,0,,
Google,Chrome,google_chrome_2,google_chrome_1,null,4,0,0,4,0,0,0,0,Google Chrome,Desktop,0,,
Google,Chrome,google_chrome_11,google_chrome_10,null,2,0,0,2,0,0,0,0,Google Chrome,Desktop,0,,
Google,Chrome,google_chrome_11,google_chrome_10,sms,1,0,0,1,0,0,0,0,Google Chrome,Desktop,0,,
Google,Chrome,google_chrome_11,google_chrome_10,GooglePlay,1,0,0,1,0,0,0,0,Google Chrome,Desktop,0,,
Google,Chrome,google_chrome_12,google_chrome_11,null,2,0,0,2,0,0,0,0,Google Chrome,Desktop,0,,
Google,Chrome,google_chrome_12,google_chrome_11,WAP,2,0,0,2,0,0,0,0,Google Chrome,Desktop,0,,
Google,Chrome,google_chrome_13,google_chrome_12,null,2,0,0,2,0,0,0,0,Google Chrome,Desktop,0,,
Google,Chrome,google_chrome_14,google_chrome_13,null,1,0,0,1,0,0,0,0,Google Chrome,Desktop,0,,
Google,Chrome,google_chrome_14,google_chrome_13,sms,1,0,0,1,0,0,0,0,Google Chrome,Desktop,0,,
Google,Chrome,google_chrome_15,google_chrome_14,sms,1,0,0,1,0,0,0,0,Google Chrome,Desktop,0,,
Google,Chrome,google_chrome_15,google_chrome_14,null,1,0,0,1,0,0,0,0,Google Chrome,Desktop,0,,
Google,Chrome,google_chrome_16,google_chrome_15,null,1,0,0,1,0,0,0,0,Google Chrome,Desktop,0,,
Google,Chrome,google_chrome_17,google_chrome_16,sms,2,0,0,2,0,0,0,0,Google Chrome,Desktop,0,,
Google,Chrome,google_chrome_17,google_chrome_16,null,1,0,0,1,0,0,0,0,Google Chrome,Desktop,0,,
Google,Chrome,google_chrome_20,google_chrome_19,sms,1,0,0,1,0,0,0,0,Google Chrome,Desktop,0,,
Google,Chrome,google_chrome_3,google_chrome_2,null,2,0,0,2,0,0,0,0,Google Chrome,Desktop,0,,
Google,Chrome,google_chrome_21,google_chrome_20,null,2,0,0,2,0,0,0,0,Google Chrome,Desktop,0,,
Google,Chrome,google_chrome_22,google_chrome_21,sms,1,0,0,1,0,0,0,0,Google Chrome,Desktop,0,,
Google,Chrome,google_chrome_24,google_chrome_23,sms,1,0,0,1,0,0,0,0,Google Chrome,Desktop,0,,
Google,Chrome,google_chrome_24,google_chrome_23,null,3,0,0,3,0,0,0,0,Google Chrome,Desktop,0,,
Google,Chrome,google_chrome_25,google_chrome_24,null,5,0,0,5,0,0,0,0,Google Chrome,Desktop,0,,
Google,Chrome,google_chrome_25,google_chrome_24,sms,2,0,0,2,0,0,0,0,Google Chrome,Desktop,0,,
Google,Chrome,google_chrome_25,google_chrome_24,WAP,2,0,0,2,0,0,0,0,Google Chrome,Desktop,0,,
Google,Chrome,google_chrome_26,google_chrome_25,sms,1,0,0,1,0,0,0,0,Google Chrome,Desktop,0,,
Google,Chrome,google_chrome_26,google_chrome_25,null,1,0,0,1,0,0,0,0,Google Chrome,Desktop,0,,
Google,Chrome,google_chrome_27,google_chrome_26,null,2,0,0,2,0,0,0,0,Google Chrome,Desktop,0,,
Google,Chrome,google_chrome_27,google_chrome_26,sms,1,0,0,1,0,0,0,0,Google Chrome,Desktop,0,,
Google,Chrome,google_chrome_27,google_chrome_26,WAP,1,0,0,1,0,0,0,0,Google Chrome,Desktop,0,,
Google,Chrome,google_chrome_28,google_chrome_27,sms,9,0,0,9,0,0,0,0,Google Chrome,Desktop,0,,
Google,Chrome,google_chrome_28,google_chrome_27,null,4,0,0,4,0,0,0,0,Google Chrome,Desktop,0,,
Google,Chrome,google_chrome_29,google_chrome_28,null,37,0,0,37,0,0,0,0,Google Chrome,Desktop,0,,
Google,Chrome,google_chrome_29,google_chrome_28,WAP,16,0,0,16,0,1,0.0625,0.0625,Google Chrome,Desktop,0,,
Google,Chrome,google_chrome_29,google_chrome_28,sms,60,0,0,60,0,0,0,0,Google Chrome,Desktop,0,,
Google,Chrome,google_chrome_30,google_chrome_29,null,11,0,0,11,0,0,0,0,Google Chrome,Desktop,0,,
Google,Chrome,google_chrome_30,google_chrome_29,sms,23,0,0,23,0,0,0,0,Google Chrome,Desktop,0,,
Google,Chrome,google_chrome_30,google_chrome_29,WAP,3,0,0,3,0,0,0,0,Google Chrome,Desktop,0,,
Google,Chrome,google_chrome_4,google_chrome_3,null,7,0,0,7,0,0,0,0,Google Chrome,Desktop,0,,
Google,Chrome,google_chrome_5,google_chrome_4,sms,3,0,0,3,0,0,0,0,Google Chrome,Desktop,0,,
Google,Chrome,google_chrome_6,google_chrome_5,null,3,0,0,3,0,0,0,0,Google Chrome,Desktop,0,,
Google,Chrome,google_chrome_8,google_chrome_7,sms,1,0,0,1,0,0,0,0,Google Chrome,Desktop,0,,
Google,Chrome,google_chrome_9,google_chrome_8,null,1,0,0,1,0,0,0,0,Google Chrome,Desktop,0,,
Google,Chrome,google_chrome_10,google_chrome_9,null,3,0,0,3,0,0,0,0,Google Chrome,Desktop,0,,
Google,Nexus 7,google_nexus7_ver1_suban43,google_nexus7_ver1,GooglePlay,2,0,0,2,0,0,0,0,Google Nexus 7,Android,0,,
HTC,HTL21,htc_6435_ver1_suban41butterfly,htc_6435_ver1,GooglePlay,1,0,0,1,0,0,0,0,HTC HTL21,Android,0,,
HTC,A8181,htc_desire_a8181_ver1_suban23,htc_desire_a8181_ver1_suban22,GooglePlay,1,0,0,1,0,0,0,0,HTC A8181,Android,0,,
HTC,1000C,htc_desire_c_ver1_subuadesire,htc_desire_c_ver1,GooglePlay,1,0,0,1,0,0,0,0,HTC 1000C,Android,0,,
HTC,1000C,htc_desire_c_ver1_subuadesire,htc_desire_c_ver1,WAP,1,0,0,1,0,0,0,0,HTC 1000C,Android,0,,
HTC,1000C,htc_desire_c_ver1_subuanouscore,htc_desire_c_ver1,GooglePlay,1,0,0,1,0,0,0,0,HTC 1000C,Android,0,,
HTC,T328E,htc_desire_x_ver1_suban41,htc_desire_x_ver1,WAP,1,0,0,1,0,0,0,0,HTC T328E,Android,0,,
HTC,T328E,htc_desire_x_ver1_suban41,htc_desire_x_ver1,GooglePlay,3,0,0,3,0,0,0,0,HTC T328E,Android,0,,
HTC,T328E,htc_desire_x_ver1_suban41uscore,htc_desire_x_ver1,GooglePlay,2,0,0,2,0,0,0,0,HTC T328E,Android,0,,
HTC,T328E,htc_desire_x_ver1_subuanofirm,htc_desire_x_ver1,GooglePlay,1,0,0,1,0,0,0,0,HTC T328E,Android,0,,
HTC,X515,htc_evo_3d_ver1_suban40,htc_evo_3d_ver1,GooglePlay,1,0,0,1,0,0,0,0,HTC X515,Android,0,,
HTC,X515,htc_evo_3d_ver1_suban40fulluscore,htc_evo_3d_ver1,GooglePlay,5,0,0,5,0,0,0,0,HTC X515,Android,0,,
HTC,X515,htc_evo_3d_ver1_suban40fulluscore,htc_evo_3d_ver1,WAP,1,0,0,1,0,0,0,0,HTC X515,Android,0,,
HTC,M7,htc_m7_ver1_suban42oneuscore,htc_m7_ver1,GooglePlay,6,0,0,6,0,0,0,0,HTC M7,Android,0,,
HTC,M7,htc_m7_ver1_subuaoneuscore,htc_m7_ver1,WAP,1,0,0,1,0,0,0,0,HTC M7,Android,0,,
HTC,M7,htc_m7_ver1_subuaoneuscore,htc_m7_ver1,GooglePlay,2,0,0,2,0,0,0,0,HTC M7,Android,0,,
HTC,T8698,htc_mozart_ver1_subos75_t8698,htc_mozart_ver1_subos75,sms,2,0,0,2,0,0,0,0,HTC T8698,Windows Phone OS,0,,
HTC,PJ401,htc_one_s_ver1_suban41,htc_one_s_ver1,GooglePlay,1,0,0,1,0,0,0,0,HTC PJ401,Android,0,,
HTC,PJ401,htc_one_s_ver1_suban41,htc_one_s_ver1,WAP,2,0,0,2,0,0,0,0,HTC PJ401,Android,0,,
HTC,PJ401,htc_one_s_ver1_suban41nouscore,htc_one_s_ver1,GooglePlay,1,0,0,1,0,0,0,0,HTC PJ401,Android,0,,
HTC,PJ401,htc_one_s_ver1_subuanouscorechrome,htc_one_s_ver1_subuanouscore,GooglePlay,1,0,0,1,0,0,0,0,HTC PJ401,Android,0,,
HTC,One SV,htc_one_sv_ver1_suban41,htc_one_sv_ver1,GooglePlay,2,0,0,2,0,0,0,0,HTC One SV,Android,0,,
HTC,One V,htc_one_v_ver1_subuauscore,htc_one_v_ver1,GooglePlay,1,0,0,1,0,0,0,0,HTC One V,Android,0,,
HTC,PJ83100,htc_one_x_ver1_suban41,htc_one_x_ver1,GooglePlay,2,0,0,2,0,0,0,0,HTC PJ83100,Android,0,,
HTC,PJ83100,htc_one_x_ver1_suban41nouscore,htc_one_x_ver1,GooglePlay,2,0,0,2,0,0,0,0,HTC PJ83100,Android,0,,
HTC,PJ83100,htc_one_x_ver1_suban42,htc_one_x_ver1,GooglePlay,3,0,0,3,0,0,0,0,HTC PJ83100,Android,0,,
HTC,PJ83100,htc_one_x_ver1_suban42,htc_one_x_ver1,WAP,1,0,0,1,0,0,0,0,HTC PJ83100,Android,0,,
HTC,PJ83100,htc_one_x_ver1_suban43uscore,htc_one_x_ver1,GooglePlay,2,0,0,2,0,0,0,0,HTC PJ83100,Android,0,,
HTC,PJ83100,htc_one_x_ver1_suban43uscore,htc_one_x_ver1,WAP,2,0,0,2,0,0,0,0,HTC PJ83100,Android,0,,
HTC,SensationXE Beats Z715e,htc_sensationxe_z715e_ver1_suban40_subuachrome,htc_sensationxe_z715e_ver1_suban40,WAP,1,0,0,1,0,0,0,0,HTC SensationXE Beats Z715e,Android,0,,
HTC,T328w,htc_t328w_ver1_subuadesirev,htc_t328w_ver1,GooglePlay,4,0,0,4,0,0,0,0,HTC T328w,Android,0,,
HTC,T328w,htc_t328w_ver1_subuanouscore,htc_t328w_ver1,GooglePlay,1,0,0,1,0,0,0,0,HTC T328w,Android,0,,
HTC,A510,htc_wildfire_s_ver1_subua2,htc_wildfire_s_ver1,GooglePlay,1,0,0,1,0,0,0,0,HTC A510,Android,0,,
HTC,A3333,htc_wildfire_ver1_subua3333froyo,htc_wildfire_ver1,GooglePlay,1,0,0,1,0,0,0,0,HTC A3333,Android,0,,
HTC,X315e,htc_x315e_ver1_suban40uscore,htc_x315e_ver1,GooglePlay,1,0,0,1,0,0,0,0,HTC X315e,Android,0,,
HTC,X315b,htc_x315e_ver1_subuax315bics,htc_x315e_ver1,GooglePlay,3,0,0,3,0,0,0,0,HTC X315b,Android,0,,
Huawei,S7-301w,huawei_mediapad_ver1_suban40,huawei_mediapad_ver1,WAP,2,0,0,2,0,0,0,0,Huawei S7-301w,Android,0,,
Huawei,S7-301w,huawei_mediapad10_link_ver1_suban41,huawei_mediapad10_link_ver1,GooglePlay,1,0,0,1,0,0,0,0,Huawei S7-301w,Android,0,,
Huawei,Y300,huawei_y300_ver1_subuaunicom,huawei_y300_ver1,GooglePlay,1,0,0,1,0,0,0,0,Huawei Y300,Android,0,,
Lenovo,S880i,lenovo_s880i_ver1_subuanomoz,lenovo_s880i_ver1,GooglePlay,1,0,0,1,0,0,0,0,Lenovo S880i,Android,0,,
LG,F180L,lg_e973_ver1_subuaf180l,lg_e970_ver1_subua973,GooglePlay,1,0,0,1,0,0,0,0,LG F180L,Android,0,,
LG,E975,lg_e975_ver1_suban41,lg_e975_ver1,WAP,1,0,0,1,0,0,0,0,LG E975,Android,0,,
LG,KF300,lg_kf300_ver1,lg_generic_obigo_q5,WAP,1,0,0,1,0,0,0,0,LG KF300,,0,,
Google,Nexus 4,lg_nexus4_ver1_suban43,lg_nexus4_ver1,GooglePlay,1,0,0,1,0,0,0,0,Google Nexus 4,Android,0,,
Google,Nexus 4,lg_nexus4_ver1_suban43,lg_nexus4_ver1,WAP,1,0,0,1,0,0,0,0,Google Nexus 4,Android,0,,
LG,P705,lg_p700_ver1_subuap705,lg_p700_ver1,GooglePlay,1,0,0,1,0,0,0,0,LG P705,Android,0,,
LG,P920,lg_p920_ver1_suban23,lg_p920_ver1,GooglePlay,2,0,0,2,0,0,0,0,LG P920,Android,0,,
LG,P920,lg_p920_ver1_suban23,lg_p920_ver1,WAP,1,0,0,1,0,0,0,0,LG P920,Android,0,,
LG,P970,lg_p970_ver1_suban23,lg_p970_ver1,GooglePlay,1,0,0,1,0,0,0,0,LG P970,Android,0,,
LG,P970,lg_p970_ver1_suban40rom,lg_p970_ver1,GooglePlay,2,0,0,2,0,0,0,0,LG P970,Android,0,,
Motorola,MZ604,mot_mz601_ver1_suban40mz604,mot_mz601_ver1,GooglePlay,1,0,0,1,0,0,0,0,Motorola MZ604,Android,0,,
Microsoft,Internet Explorer,msie_7,msie_6,sms,3,0,0,3,0,0,0,0,Microsoft Internet Explorer,,0,,
Microsoft,Internet Explorer,msie_8,msie_7,sms,3,0,0,3,0,0,0,0,Microsoft Internet Explorer,,0,,
Microsoft,Internet Explorer,msie_8,msie_7,null,3,0,0,3,0,0,0,0,Microsoft Internet Explorer,,0,,
Microsoft,Internet Explorer,msie_9,msie_8,sms,4,0,0,4,0,0,0,0,Microsoft Internet Explorer,,0,,
Microsoft,Internet Explorer,msie_10,msie_9,null,1,0,0,1,0,0,0,0,Microsoft Internet Explorer,,0,,
Microsoft,Internet Explorer,msie_10,msie_9,sms,6,0,0,6,0,0,0,0,Microsoft Internet Explorer,,0,,
Microsoft,Internet Explorer,msie_10,msie_9,WAP,1,0,0,1,0,0,0,0,Microsoft Internet Explorer,,0,,
Nokia,112,nokia_112_ver1_subuaovibrsr,nokia_112_ver1,null,1,0,0,1,0,0,0,0,Nokia 112,,0,,
Nokia,Nokia Asha 200,nokia_200_ver1_subovibrsr,nokia_200_ver1,null,14,0,0,14,0,0,0,0,Nokia Nokia Asha 200,,0,,
Nokia,Asha 202,nokia_202_ver1_subuanok,nokia_202_ver1,WAP,12,0,0,12,0,3,0.25,0.25,Nokia Asha 202,,0,,
Nokia,Asha 202,nokia_202_ver1_subuanok,nokia_202_ver1,sms,1,0,0,1,0,0,0,0,Nokia Asha 202,,0,,
Nokia,205,nokia_205_ver1_subuanomoz,nokia_205_ver1,WAP,3,0,0,3,0,0,0,0,Nokia 205,,0,,
Nokia,206,nokia_206_ver1_subuadot1,nokia_206_ver1,WAP,6,0,0,6,0,2,0.3333333333333333,0.3333333333333333,Nokia 206,,0,,
Nokia,Asha 210.2,nokia_210_ver1_subuadot2,nokia_210_ver1,null,5,0,0,5,0,0,0,0,Nokia Asha 210.2,,0,,
Nokia,Asha 210.2,nokia_210_ver1_subuadot2nomoz,nokia_210_ver1,WAP,5,0,0,5,0,1,0.2,0.2,Nokia Asha 210.2,,0,,
Nokia,Asha 210.2,nokia_210_ver1_subuadot2nomoz,nokia_210_ver1,sms,1,0,0,1,0,0,0,0,Nokia Asha 210.2,,0,,
Nokia,2600 classic,nokia_2600c_ver1_2,nokia_2600c_ver1,null,1,0,0,1,0,0,0,0,Nokia 2600 classic,,0,,
Nokia,2600 classic,nokia_2600c_ver1_2_sub0682,nokia_2600c_ver1_2,WAP,1,0,0,1,0,0,0,0,Nokia 2600 classic,,0,,
Nokia,2730 classic,nokia_2730c_ver1_sub0770,nokia_2730c_ver1,WAP,1,0,0,1,0,0,0,0,Nokia 2730 classic,,0,,
Nokia,Asha 300,nokia_300_ver1_subovibrsr,nokia_300_ver1,null,1,0,0,1,0,0,0,0,Nokia Asha 300,,0,,
Nokia,Asha 302,nokia_302_ver1_subuanok,nokia_302_ver1,sms,9,0,0,9,0,0,0,0,Nokia Asha 302,,0,,
Nokia,Asha 302,nokia_302_ver1_subuanok,nokia_302_ver1,WAP,12,0,0,12,0,3,0.25,0.25,Nokia Asha 302,,0,,
Nokia,Asha 303,nokia_303_ver1_subovibrsr,nokia_303_ver1,null,15,0,0,15,0,0,0,0,Nokia Asha 303,,0,,
Nokia,Asha 303,nokia_303_ver1_subua,nokia_303_ver1,WAP,12,0,0,12,0,1,0.08333333333333333,0.08333333333333333,Nokia Asha 303,,0,,
Nokia,Asha 303,nokia_303_ver1_subua,nokia_303_ver1,null,1,0,0,1,0,0,0,0,Nokia Asha 303,,0,,
Nokia,Asha 303,nokia_303_ver1_subua,nokia_303_ver1,sms,2,0,0,2,0,0,0,0,Nokia Asha 303,,0,,
Nokia,305,nokia_305_ver1_subuamoz,nokia_305_ver1,null,24,0,0,24,0,0,0,0,Nokia 305,,0,,
Nokia,306,nokia_306_ver1_subuamoz,nokia_306_ver1,null,4,0,0,4,0,0,0,0,Nokia 306,,0,,
Nokia,308,nokia_308_ver1_subuanomoz,nokia_308_ver1,sms,1,0,0,1,0,0,0,0,Nokia 308,,0,,
Nokia,308,nokia_308_ver1_subuanomoz,nokia_308_ver1,null,1,0,0,1,0,0,0,0,Nokia 308,,0,,
Nokia,308,nokia_308_ver1_subuanomoz,nokia_308_ver1,WAP,7,0,0,7,0,0,0,0,Nokia 308,,0,,
Nokia,309,nokia_309_ver1_subuanomoz,nokia_309_ver1,WAP,6,0,0,6,0,1,0.16666666666666666,0.16666666666666666,Nokia 309,,0,,
Nokia,309,nokia_309_ver1_subuanomoz,nokia_309_ver1,null,1,0,0,1,0,0,0,0,Nokia 309,,0,,
Nokia,310,nokia_310_ver1_subuaovi,nokia_310_ver1,null,1,0,0,1,0,0,0,0,Nokia 310,,0,,
Nokia,311,nokia_311_ver1_subuanomoz,nokia_311_ver1,WAP,22,0,0,22,0,3,0.13636363636363635,0.13636363636363635,Nokia 311,,0,,
Nokia,311,nokia_311_ver1_subuanomoz,nokia_311_ver1,sms,7,0,0,7,0,0,0,0,Nokia 311,,0,,
Nokia,3110 classic,nokia_3110c_ver1_sub0491,nokia_3110c_ver1,WAP,3,0,0,3,0,0,0,0,Nokia 3110 classic,,0,,
Nokia,3110 classic,nokia_3110c_ver1_sub0550,nokia_3110c_ver1,WAP,2,0,0,2,0,0,0,0,Nokia 3110 classic,,0,,
Nokia,3120 classic,nokia_3120c_ver_2_sub0716,nokia_3120c_ver1,WAP,2,0,0,2,0,0,0,0,Nokia 3120 classic,,0,,
Nokia,5130,nokia_5130_xpressmusic_ver1_sub0791,nokia_5130_xpressmusic_ver1,WAP,3,0,0,3,0,1,0.3333333333333333,0.3333333333333333,Nokia 5130,,0,,
Nokia,5230,nokia_5230_ver1_sub200005,nokia_5230_ver1,JAVA_APP,1,0,0,1,0,0,0,0,Nokia 5230,Symbian OS,0,,
Nokia,5230,nokia_5230_ver1_sub200005,nokia_5230_ver1,WAP,11,0,0,11,0,1,0.09090909090909091,0.09090909090909091,Nokia 5230,Symbian OS,0,,
Nokia,5230,nokia_5230_ver1_sub210004,nokia_5230_ver1,WAP,1,0,0,1,0,0,0,0,Nokia 5230,Symbian OS,0,,
Nokia,5310 XpressMusic,nokia_5310_xpressmusic_ver1_sub0942,nokia_5310_xpressmusic_ver1,WAP,1,0,0,1,0,0,0,0,Nokia 5310 XpressMusic,,0,,
Nokia,5310 XpressMusic,nokia_5310_xpressmusic_ver1_sub1010,nokia_5310_xpressmusic_ver1,WAP,4,0,0,4,0,1,0.25,0.25,Nokia 5310 XpressMusic,,0,,
Nokia,5530,nokia_5530_xpressmusic_ver1_sub300009,nokia_5530_xpressmusic_ver1,WAP,3,0,0,3,0,0,0,0,Nokia 5530,Symbian OS,0,,
Nokia,5530,nokia_5530_xpressmusic_ver1_sub300009,nokia_5530_xpressmusic_ver1,null,2,0,0,2,0,0,0,0,Nokia 5530,Symbian OS,0,,
Nokia,5530,nokia_5530_xpressmusic_ver1_sub300009,nokia_5530_xpressmusic_ver1,sms,1,0,0,1,0,0,0,0,Nokia 5530,Symbian OS,0,,
Nokia,5530,nokia_5530_xpressmusic_ver1_subua,nokia_5530_xpressmusic_ver1,null,2,0,0,2,0,0,0,0,Nokia 5530,Symbian OS,0,,
Nokia,5530,nokia_5530_xpressmusic_ver1_subua,nokia_5530_xpressmusic_ver1,sms,1,0,0,1,0,0,0,0,Nokia 5530,Symbian OS,0,,
Nokia,5800 XpressMusic,nokia_5800d_ver1_sub300011,nokia_5800d_ver1,WAP,1,0,0,1,0,0,0,0,Nokia 5800 XpressMusic,Symbian OS,0,,
Nokia,5800 XpressMusic,nokia_5800d_ver1_sub300011,nokia_5800d_ver1,sms,2,0,0,2,0,0,0,0,Nokia 5800 XpressMusic,Symbian OS,0,,
Nokia,5800 XpressMusic,nokia_5800d_ver1_sub400001,nokia_5800d_ver1,WAP,1,0,0,1,0,0,0,0,Nokia 5800 XpressMusic,Symbian OS,0,,
Nokia,5800 XpressMusic,nokia_5800d_ver1_sub500005,nokia_5800d_ver1,sms,1,0,0,1,0,0,0,0,Nokia 5800 XpressMusic,Symbian OS,0,,
Nokia,5800 XpressMusic,nokia_5800d_ver1_sub500005,nokia_5800d_ver1,WAP,7,0,0,7,0,1,0.14285714285714285,0.14285714285714285,Nokia 5800 XpressMusic,Symbian OS,0,,
Nokia,5800 XpressMusic,nokia_5800d_ver1_sub210025,nokia_5800d_ver1_sub1100006,sms,1,0,0,1,0,0,0,0,Nokia 5800 XpressMusic,Symbian OS,0,,
Nokia,5800 XpressMusic,nokia_5800d_ver1_sub200012,nokia_5800d_ver1_sub1100008,sms,1,0,0,1,0,0,0,0,Nokia 5800 XpressMusic,Symbian OS,0,,
Nokia,5800 XpressMusic,nokia_5800d_ver1_sub510006,nokia_5800d_ver1_sub500005,WAP,2,0,0,2,0,1,0.5,0.5,Nokia 5800 XpressMusic,Symbian OS,0,,
Nokia,603,nokia_603_ver1_subua5_4,nokia_603_ver1,null,1,0,0,1,0,0,0,0,Nokia 603,Symbian OS,0,,
Nokia,603,nokia_603_ver1_subua5_4,nokia_603_ver1,sms,3,0,0,3,0,0,0,0,Nokia 603,Symbian OS,0,,
Nokia,603,nokia_603_ver1_subua5_4,nokia_603_ver1,WAP,1,0,0,1,0,0,0,0,Nokia 603,Symbian OS,0,,
Nokia,603,nokia_603_ver1_subua5_5,nokia_603_ver1,WAP,4,0,0,4,0,0,0,0,Nokia 603,Symbian OS,0,,
Nokia,603,nokia_603_ver1_subua5_5,nokia_603_ver1,sms,1,0,0,1,0,0,0,0,Nokia 603,Symbian OS,0,,
Nokia,603,nokia_603_ver1_subuas60,nokia_603_ver1,WAP,1,0,0,1,0,1,1,1,Nokia 603,Symbian OS,0,,
Nokia,603,nokia_603_ver1_subuas60,nokia_603_ver1,null,1,0,0,1,0,0,0,0,Nokia 603,Symbian OS,0,,
Nokia,6070,nokia_6070_ver1_sub200320,nokia_6070_ver1,WAP,1,0,0,1,0,0,0,0,Nokia 6070,,0,,
Nokia,6120 classic,nokia_6120c_ver1_sub346,nokia_6120c_ver1,WAP,7,0,0,7,0,0,0,0,Nokia 6120 classic,Symbian OS,0,,
Nokia,6120 classic,nokia_6120c_ver1_sub383,nokia_6120c_ver1,WAP,1,0,0,1,0,0,0,0,Nokia 6120 classic,Symbian OS,0,,
Nokia,6120 classic,nokia_6120c_ver1_sub601,nokia_6120c_ver1,WAP,4,0,0,4,0,1,0.25,0.25,Nokia 6120 classic,Symbian OS,0,,
Nokia,6230,nokia_6230_ver1_sub0524,nokia_6230_ver1,WAP,1,0,0,1,0,1,1,1,Nokia 6230,,0,,
Nokia,6230i,nokia_6230i_ver1_sub0370,nokia_6230i_ver1,WAP,1,0,0,1,0,0,0,0,Nokia 6230i,,0,,
Nokia,6233,nokia_6233_ver1_sub0510,nokia_6233_ver1,WAP,6,0,0,6,0,0,0,0,Nokia 6233,,0,,
Nokia,6233,nokia_6233_ver1_sub200338,nokia_6233_ver1,WAP,4,0,0,4,0,0,0,0,Nokia 6233,,0,,
Nokia,6233,nokia_6233_ver1_sub0560,nokia_6233_ver1_sub0543,WAP,5,0,0,5,0,0,0,0,Nokia 6233,,0,,
Nokia,6233,nokia_6233_ver1_sub0560,nokia_6233_ver1_sub0543,JAVA_APP,1,0,0,1,0,0,0,0,Nokia 6233,,0,,
Nokia,6300,nokia_6300_ver1_sub0471,nokia_6300_ver1,WAP,1,0,0,1,0,0,0,0,Nokia 6300,,0,,
Nokia,6300,nokia_6300_ver1_sub0550,nokia_6300_ver1,WAP,1,0,0,1,0,1,1,1,Nokia 6300,,0,,
Nokia,6300,nokia_6300_ver1_sub0660,nokia_6300_ver1,sms,1,0,0,1,0,0,0,0,Nokia 6300,,0,,
Nokia,6300,nokia_6300_ver1_sub0660,nokia_6300_ver1,WAP,11,0,0,11,0,0,0,0,Nokia 6300,,0,,
Nokia,6300,nokia_6300_ver1_sub0700,nokia_6300_ver1,sms,1,0,0,1,0,0,0,0,Nokia 6300,,0,,
Nokia,6300,nokia_6300_ver1_sub0700,nokia_6300_ver1,WAP,15,0,0,15,0,0,0,0,Nokia 6300,,0,,
Nokia,6303i classic,nokia_6303iclassic_ver1,nokia_6303classic_ver1,WAP,5,0,0,5,0,0,0,0,Nokia 6303i classic,,0,,
Nokia,6500 classic,nokia_6500c_ver1,nokia_6500_ver1,sms,1,0,0,1,0,0,0,0,Nokia 6500 classic,,0,,
Nokia,6500 classic,nokia_6500c_ver1,nokia_6500_ver1,WAP,2,0,0,2,0,0,0,0,Nokia 6500 classic,,0,,
Nokia,6500s,nokia_6500s_ver1_sub0380,nokia_6500s_ver1,WAP,2,0,0,2,0,0,0,0,Nokia 6500s,,0,,
Nokia,6680,nokia_6680_ver1_sub30435,nokia_6680_ver1,null,13,0,0,13,0,0,0,0,Nokia 6680,Symbian OS,0,,
Nokia,6700 classic,nokia_6700c_ver1_2,nokia_6700c_ver1,WAP,17,0,0,17,0,3,0.17647058823529413,0.17647058823529413,Nokia 6700 classic,,0,,
Nokia,6700 classic,nokia_6700c_ver1_2,nokia_6700c_ver1,JAVA_APP,5,0,0,5,0,0,0,0,Nokia 6700 classic,,0,,
Nokia,6730 classic,nokia_6730c_ver1_sub021008,nokia_6730c_ver1,WAP,1,0,0,1,0,0,0,0,Nokia 6730 classic,Symbian OS,0,,
Nokia,700,nokia_700_ver1_subos53,nokia_700_ver1,sms,1,0,0,1,0,0,0,0,Nokia 700,Symbian OS,0,,
Nokia,700,nokia_700_ver1_subos53,nokia_700_ver1,WAP,1,0,0,1,0,0,0,0,Nokia 700,Symbian OS,0,,
Nokia,700,nokia_700_ver1_subos54,nokia_700_ver1,sms,1,0,0,1,0,0,0,0,Nokia 700,Symbian OS,0,,
Nokia,700,nokia_700_ver1_subua55,nokia_700_ver1,sms,5,0,0,5,0,0,0,0,Nokia 700,Symbian OS,0,,
Nokia,700,nokia_700_ver1_subua55,nokia_700_ver1,WAP,7,0,0,7,0,0,0,0,Nokia 700,Symbian OS,0,,
Nokia,701,nokia_701_ver1_subua113,nokia_701_ver1,WAP,1,0,0,1,0,0,0,0,Nokia 701,Symbian OS,0,,
Nokia,7500,nokia_7500_ver1_sub0520,nokia_7500_ver1,WAP,1,0,0,1,0,0,0,0,Nokia 7500,,0,,
Nokia,7500,nokia_7500_ver1,nokia_7900_ver1,WAP,1,0,0,1,0,0,0,0,Nokia 7500,,0,,
Nokia,808 PureView,nokia_808_ver1_subua113,nokia_808_ver1,sms,1,0,0,1,0,0,0,0,Nokia 808 PureView,Symbian OS,0,,
Nokia,C2-03,nokia_c2_03_ver1_subovibrsr1,nokia_c2_03_ver1,null,11,0,0,11,0,0,0,0,Nokia C2-03,,0,,
Nokia,C2-06,nokia_c2_06_ver1_subovibrsr,nokia_c2_06_ver1,null,1,0,0,1,0,0,0,0,Nokia C2-06,,0,,
Nokia,C3-00,nokia_c3_00_ver1_subovibrsr,nokia_c3_00_ver1,null,2,0,0,2,0,0,0,0,Nokia C3-00,,0,,
Nokia,C3-01,nokia_c3_01_ver1,nokia_c3_00_ver1,WAP,6,0,0,6,0,1,0.16666666666666666,0.16666666666666666,Nokia C3-01,,0,,
Nokia,C3-01,nokia_c3_01_ver1,nokia_c3_00_ver1,sms,1,0,0,1,0,0,0,0,Nokia C3-01,,0,,
Nokia,C3-01,nokia_c3_01_ver1_subua1dot5,nokia_c3_01_ver1,WAP,6,0,0,6,0,0,0,0,Nokia C3-01,,0,,
Nokia,C3-01,nokia_c3_01_ver1_subua1dot5,nokia_c3_01_ver1,sms,2,0,0,2,0,0,0,0,Nokia C3-01,,0,,
Nokia,C5-00,nokia_c5_00_ver1_subuadot2,nokia_c5_00_ver1,sms,3,0,0,3,0,0,0,0,Nokia C5-00,Symbian OS,0,,
Nokia,C5-03,nokia_c5_03_ver1_sub100004,nokia_c5_03_ver1,sms,1,0,0,1,0,0,0,0,Nokia C5-03,Symbian OS,0,,
Nokia,C5-06,nokia_c5_06_ver1_subuanonu,nokia_c5_06_ver1,sms,1,0,0,1,0,0,0,0,Nokia C5-06,Symbian OS,0,,
Nokia,C6-00,nokia_c6_00_ver1_sub100001,nokia_c6_00_ver1,null,1,0,0,1,0,0,0,0,Nokia C6-00,Symbian OS,0,,
Nokia,C6-00,nokia_c6_00_ver1_sub100001,nokia_c6_00_ver1,WAP,3,0,0,3,0,0,0,0,Nokia C6-00,Symbian OS,0,,
Nokia,C6-00,nokia_c6_00_ver1_sub200036,nokia_c6_00_ver1,WAP,1,0,0,1,0,1,1,1,Nokia C6-00,Symbian OS,0,,
Nokia,C6-01,nokia_c6_01_ver1_sub3,nokia_c6_01_ver1,sms,3,0,0,3,0,0,0,0,Nokia C6-01,Symbian OS,0,,
Nokia,C6-01,nokia_c6_01_ver1_subuaseries53,nokia_c6_01_ver1,null,2,0,0,2,0,0,0,0,Nokia C6-01,Symbian OS,0,,
Nokia,C6-01,nokia_c6_01_ver1_subuaseries53,nokia_c6_01_ver1,WAP,11,0,0,11,0,2,0.18181818181818182,0.18181818181818182,Nokia C6-01,Symbian OS,0,,
Nokia,C6-01,nokia_c6_01_ver1_subuaseries53,nokia_c6_01_ver1,sms,4,0,0,4,0,0,0,0,Nokia C6-01,Symbian OS,0,,
Nokia,C6-01,nokia_c6_01_ver1_sub3_subbrowserng73,nokia_c6_01_ver1_sub3,null,3,0,0,3,0,0,0,0,Nokia C6-01,Symbian OS,0,,
Nokia,C6-01,nokia_c6_01_ver1_sub3_subbrowserng73,nokia_c6_01_ver1_sub3,WAP,1,0,0,1,0,0,0,0,Nokia C6-01,Symbian OS,0,,
Nokia,C6-01,nokia_c6_01_ver1_sub3_subbrowserng73,nokia_c6_01_ver1_sub3,sms,1,0,0,1,0,0,0,0,Nokia C6-01,Symbian OS,0,,
Nokia,C7-00,nokia_c7_00_ver1_sub012001,nokia_c7_00_ver1,WAP,2,0,0,2,0,1,0.5,0.5,Nokia C7-00,Symbian OS,0,,
Nokia,C7-00,nokia_c7_00_ver1_subbrowserng73,nokia_c7_00_ver1,WAP,1,0,0,1,0,0,0,0,Nokia C7-00,Symbian OS,0,,
Nokia,C7-00,nokia_c7_00_ver1_subbrowserng73,nokia_c7_00_ver1,sms,1,0,0,1,0,0,0,0,Nokia C7-00,Symbian OS,0,,
Nokia,C7-00,nokia_c7_00_ver1_subbrowserng73,nokia_c7_00_ver1,null,1,0,0,1,0,0,0,0,Nokia C7-00,Symbian OS,0,,
Nokia,C7-00,nokia_c7_00_ver1_subuaseries53,nokia_c7_00_ver1,WAP,7,0,0,7,0,0,0,0,Nokia C7-00,Symbian OS,0,,
Nokia,C7-00,nokia_c7_00_ver1_subuaseries53,nokia_c7_00_ver1,sms,2,0,0,2,0,0,0,0,Nokia C7-00,Symbian OS,0,,
Nokia,E51,nokia_e51_ver1_sub140034011,nokia_e51_ver1,null,1,0,0,1,0,0,0,0,Nokia E51,Symbian OS,0,,
Nokia,E52,nokia_e52_ver1_sub021013,nokia_e52_ver1,sms,1,0,0,1,0,0,0,0,Nokia E52,Symbian OS,0,,
Nokia,E52,nokia_e52_ver1_sub033002,nokia_e52_ver1,sms,1,0,0,1,0,0,0,0,Nokia E52,Symbian OS,0,,
Nokia,E52,nokia_e52_ver1_sub033002,nokia_e52_ver1,null,2,0,0,2,0,0,0,0,Nokia E52,Symbian OS,0,,
Nokia,E6-00,nokia_e6_00_ver1_subua53,nokia_e6_00_ver1,sms,4,0,0,4,0,0,0,0,Nokia E6-00,Symbian OS,0,,
Nokia,E6-00,nokia_e6_00_ver1_subua53,nokia_e6_00_ver1,WAP,4,0,0,4,0,0,0,0,Nokia E6-00,Symbian OS,0,,
Nokia,E63,nokia_e63_ver1_sub50121001,nokia_e63_ver1,WAP,2,0,0,2,0,0,0,0,Nokia E63,Symbian OS,0,,
Nokia,E66,nokia_e66_ver1_sub111007126,nokia_e66_ver1,null,1,0,0,1,0,0,0,0,Nokia E66,Symbian OS,0,,
Nokia,E7-00,nokia_e7_00_ver1_subbrowserng73,nokia_e7_00_ver1,WAP,2,0,0,2,0,1,0.5,0.5,Nokia E7-00,Symbian OS,0,,
Nokia,E7-00,nokia_e7_00_ver1_subua53,nokia_e7_00_ver1,null,1,0,0,1,0,0,0,0,Nokia E7-00,Symbian OS,0,,
Nokia,E71,nokia_e71_ver1_sub50121001,nokia_e71_ver1,WAP,1,0,0,1,0,0,0,0,Nokia E71,Symbian OS,0,,
Nokia,E71,nokia_e71_ver1_sub50121001,nokia_e71_ver1,sms,1,0,0,1,0,0,0,0,Nokia E71,Symbian OS,0,,
Nokia,E72,nokia_e72_ver1_sub021010,nokia_e72_ver1,null,3,0,0,3,0,0,0,0,Nokia E72,Symbian OS,0,,
Nokia,E72,nokia_e72_ver1_sub021010,nokia_e72_ver1,sms,4,0,0,4,0,1,0.25,0.25,Nokia E72,Symbian OS,0,,
Nokia,E72,nokia_e72_ver1_sub021010,nokia_e72_ver1,WAP,6,0,0,6,0,0,0,0,Nokia E72,Symbian OS,0,,
Nokia,E72,nokia_e72_ver1_sub021024,nokia_e72_ver1_sub021018,WAP,1,0,0,1,0,0,0,0,Nokia E72,Symbian OS,0,,
Nokia,310,nokia_310_ver1,nokia_generic_series40,sms,1,0,0,1,0,0,0,0,Nokia 310,,0,,
Nokia,310,nokia_310_ver1,nokia_generic_series40,WAP,1,0,0,1,0,0,0,0,Nokia 310,,0,,
Nokia,,nokia_generic_series60,nokia_generic_series40,null,4,0,0,4,0,0,0,0,Nokia ,Symbian OS,0,,
Nokia,,nokia_generic_series60,nokia_generic_series40,WAP,1,0,0,1,0,0,0,0,Nokia ,Symbian OS,0,,
Nokia,,nokia_generic_series60,nokia_generic_series40,sms,2,0,0,2,0,0,0,0,Nokia ,Symbian OS,0,,
Nokia,3600 slide,nokia_3600slide_ver1,nokia_generic_series40_dp30,WAP,1,0,0,1,0,0,0,0,Nokia 3600 slide,,0,,
Nokia,5610,nokia_5610d_ver1,nokia_generic_series40_dp30,WAP,1,0,0,1,0,0,0,0,Nokia 5610,,0,,
Nokia,2690,nokia_2690_ver1,nokia_generic_series40_dp50,WAP,1,0,0,1,0,0,0,0,Nokia 2690,,0,,
Nokia,Nokia Asha 200,nokia_200_ver1,nokia_generic_series40_dp60,sms,3,0,0,3,0,0,0,0,Nokia Nokia Asha 200,,0,,
Nokia,Nokia Asha 200,nokia_200_ver1,nokia_generic_series40_dp60,WAP,35,0,0,35,0,6,0.17142857142857143,0.17142857142857143,Nokia Nokia Asha 200,,0,,
Nokia,2710,nokia_2710c_ver1,nokia_generic_series40_dp60,WAP,1,0,0,1,0,0,0,0,Nokia 2710,,0,,
Nokia,Asha 300,nokia_300_ver1,nokia_generic_series40_dp60,sms,6,0,0,6,0,0,0,0,Nokia Asha 300,,0,,
Nokia,Asha 300,nokia_300_ver1,nokia_generic_series40_dp60,WAP,5,0,0,5,0,0,0,0,Nokia Asha 300,,0,,
Nokia,305,nokia_305_ver1,nokia_generic_series40_dp60,sms,1,0,0,1,0,0,0,0,Nokia 305,,0,,
Nokia,305,nokia_305_ver1,nokia_generic_series40_dp60,WAP,12,0,0,12,0,1,0.08333333333333333,0.08333333333333333,Nokia 305,,0,,
Nokia,C2-01,nokia_c2_01_ver1,nokia_generic_series40_dp60,WAP,3,0,0,3,0,0,0,0,Nokia C2-01,,0,,
Nokia,C2-01,nokia_c2_01_ver1,nokia_generic_series40_dp60,JAVA_APP,4,0,0,4,0,0,0,0,Nokia C2-01,,0,,
Nokia,C3-00,nokia_c3_00_ver1,nokia_generic_series40_dp60,WAP,12,0,0,12,0,2,0.16666666666666666,0.16666666666666666,Nokia C3-00,,0,,
Nokia,C3-00,nokia_c3_00_ver1,nokia_generic_series40_dp60,null,1,0,0,1,0,0,0,0,Nokia C3-00,,0,,
Nokia,C3-00,nokia_c3_00_ver1,nokia_generic_series40_dp60,sms,5,0,0,5,0,0,0,0,Nokia C3-00,,0,,
Nokia,X2-01,nokia_x2_01_ver1,nokia_generic_series40_dp60,WAP,18,0,0,18,0,2,0.1111111111111111,0.1111111111111111,Nokia X2-01,,0,,
Nokia,X2-01,nokia_x2_01_ver1,nokia_generic_series40_dp60,sms,7,0,0,7,0,0,0,0,Nokia X2-01,,0,,
Nokia,X2-02,nokia_x2_02_ver1,nokia_generic_series40_dp60,sms,1,0,0,1,0,0,0,0,Nokia X2-02,,0,,
Nokia,X2-02,nokia_x2_02_ver1,nokia_generic_series40_dp60,WAP,15,0,0,15,0,1,0.06666666666666667,0.06666666666666667,Nokia X2-02,,0,,
Nokia,X3-02,nokia_x3_02_ver1,nokia_generic_series40_dp60,JAVA_APP,2,0,0,2,0,0,0,0,Nokia X3-02,,0,,
Nokia,X3-02,nokia_x3_02_ver1,nokia_generic_series40_dp60,WAP,9,0,0,9,0,0,0,0,Nokia X3-02,,0,,
Nokia,C2-03,nokia_c2_03_ver1,nokia_generic_series40_dp70,WAP,5,0,0,5,0,0,0,0,Nokia C2-03,,0,,
Nokia,X2-05,nokia_x2_05_ver1,nokia_generic_series40_dp70,WAP,1,0,0,1,0,0,0,0,Nokia X2-05,,0,,
Nokia,205,nokia_205_ver1,nokia_generic_series40_ovibrosr,null,3,0,0,3,0,0,0,0,Nokia 205,,0,,
Nokia,206,nokia_206_ver1,nokia_generic_series40_ovibrosr,null,11,0,0,11,0,0,0,0,Nokia 206,,0,,
Nokia,306,nokia_306_ver1,nokia_generic_series40_ovibrosr,null,1,0,0,1,0,0,0,0,Nokia 306,,0,,
Nokia,306,nokia_306_ver1,nokia_generic_series40_ovibrosr,WAP,8,0,0,8,0,0,0,0,Nokia 306,,0,,
Nokia,309,nokia_309_ver1,nokia_generic_series40_ovibrosr,null,1,0,0,1,0,0,0,0,Nokia 309,,0,,
Nokia,501,nokia_501_ver1,nokia_generic_series40_ovibrosr,null,1,0,0,1,0,0,0,0,Nokia 501,,0,,
Nokia,Asha 202,nokia_202_ver1,nokia_generic_series40_ovibrosr_dp71,null,13,0,0,13,0,0,0,0,Nokia Asha 202,,0,,
Nokia,Asha 302,nokia_302_ver1,nokia_generic_series40_ovibrosr_dp71,null,4,0,0,4,0,0,0,0,Nokia Asha 302,,0,,
Nokia,308,nokia_308_ver1,nokia_generic_series40_ovibrosr_dp80,null,1,0,0,1,0,0,0,0,Nokia 308,,0,,
Nokia,311,nokia_311_ver1,nokia_generic_series40_ovibrosr_dp80,null,9,0,0,9,0,0,0,0,Nokia 311,,0,,
Opera,Opera Mini for S60,uabait_opera_mini_nokia_series60_ver5,nokia_generic_series60,sms,1,0,0,1,0,0,0,0,Opera Opera Mini for S60,Symbian OS,0,,
Opera,Opera Mini for S60,uabait_opera_mini_nokia_series60_ver5,nokia_generic_series60,null,8,0,0,8,0,0,0,0,Opera Opera Mini for S60,Symbian OS,0,,
Nokia,E5-00,nokia_e5_ver1,nokia_generic_series60_dp30,sms,8,0,0,8,0,0,0,0,Nokia E5-00,Symbian OS,0,,
Nokia,E5-00,nokia_e5_ver1,nokia_generic_series60_dp30,WAP,14,0,0,14,0,1,0.07142857142857142,0.07142857142857142,Nokia E5-00,Symbian OS,0,,
Nokia,E5-00,nokia_e5_ver1,nokia_generic_series60_dp30,null,3,0,0,3,0,0,0,0,Nokia E5-00,Symbian OS,0,,
Nokia,C5-00,nokia_c5_00_ver1,nokia_generic_series60_dp30_fp2_webkit,sms,3,0,0,3,0,0,0,0,Nokia C5-00,Symbian OS,0,,
Nokia,6760 slide,nokia_6760s_ver1,nokia_generic_series60_dp30_webkit,WAP,1,0,0,1,0,0,0,0,Nokia 6760 slide,Symbian OS,0,,
Nokia,5228,nokia_5228_ver1,nokia_generic_series60_dp50,sms,2,0,0,2,0,0,0,0,Nokia 5228,Symbian OS,0,,
Nokia,5228,nokia_5228_ver1,nokia_generic_series60_dp50,WAP,13,0,0,13,0,0,0,0,Nokia 5228,Symbian OS,0,,
Nokia,5230,nokia_5230_ver1,nokia_generic_series60_dp50,WAP,2,0,0,2,0,0,0,0,Nokia 5230,Symbian OS,0,,
Nokia,5250,nokia_5250_ver1,nokia_generic_series60_dp50,WAP,1,0,0,1,0,0,0,0,Nokia 5250,Symbian OS,0,,
Nokia,C5-03,nokia_c5_03_ver1,nokia_generic_series60_dp50,WAP,1,0,0,1,0,0,0,0,Nokia C5-03,Symbian OS,0,,
Nokia,N97 mini,nokia_n97_mini_ver1,nokia_generic_series60_dp50,WAP,1,0,0,1,0,0,0,0,Nokia N97 mini,Symbian OS,0,,
Nokia,N97 mini,nokia_n97_mini_ver1,nokia_generic_series60_dp50,sms,1,0,0,1,0,0,0,0,Nokia N97 mini,Symbian OS,0,,
Nokia,500,nokia_500_ver1,nokia_generic_symbian_anna,null,2,0,0,2,0,0,0,0,Nokia 500,Symbian OS,0,,
Nokia,500,nokia_500_ver1,nokia_generic_symbian_anna,WAP,2,0,0,2,0,0,0,0,Nokia 500,Symbian OS,0,,
Nokia,500,nokia_500_ver1,nokia_generic_symbian_anna,sms,2,0,0,2,0,0,0,0,Nokia 500,Symbian OS,0,,
Nokia,701,nokia_701_ver1,nokia_generic_symbian_belle,JAVA_APP,2,0,0,2,0,0,0,0,Nokia 701,Symbian OS,0,,
Nokia,500,nokia_n500_ver1,nokia_generic_symbian_belle,WAP,4,0,0,4,0,0,0,0,Nokia 500,Symbian OS,0,,
Nokia,500,nokia_n500_ver1,nokia_generic_symbian_belle,sms,8,0,0,8,0,0,0,0,Nokia 500,Symbian OS,0,,
Nokia,500,nokia_n500_ver1,nokia_generic_symbian_belle,null,6,0,0,6,0,0,0,0,Nokia 500,Symbian OS,0,,
Nokia,C7-00,nokia_c7_00_ver1,nokia_generic_symbian3,WAP,1,0,0,1,0,0,0,0,Nokia C7-00,Symbian OS,0,,
Nokia,E6-00,nokia_e6_00_ver1,nokia_generic_symbian3,WAP,2,0,0,2,0,0,0,0,Nokia E6-00,Symbian OS,0,,
Nokia,E6-00,nokia_e6_00_ver1,nokia_generic_symbian3,sms,2,0,0,2,0,0,0,0,Nokia E6-00,Symbian OS,0,,
Nokia,E7-00,nokia_e7_00_ver1,nokia_generic_symbian3,JAVA_APP,3,0,0,3,0,0,0,0,Nokia E7-00,Symbian OS,0,,
Nokia,E7-00,nokia_e7_00_ver1,nokia_generic_symbian3,WAP,1,0,0,1,0,0,0,0,Nokia E7-00,Symbian OS,0,,
Nokia,N8-00,nokia_n8_00_ver1,nokia_generic_symbian3,sms,1,0,0,1,0,0,0,0,Nokia N8-00,Symbian OS,0,,
Nokia,X7-00,nokia_x7_00_ver1,nokia_generic_symbian3,sms,1,0,0,1,0,0,0,0,Nokia X7-00,Symbian OS,0,,
Nokia,Lumia 925,nokia_lumia_925_ver1,nokia_lumia_920_ver1,null,1,0,0,1,0,0,0,0,Nokia Lumia 925,Windows Phone OS,0,,
Nokia,Lumia 925,nokia_lumia_925_ver1,nokia_lumia_920_ver1,sms,2,0,0,2,0,0,0,0,Nokia Lumia 925,Windows Phone OS,0,,
Nokia,N70,nokia_n70_ver1_sub50705301,nokia_n70_ver1,WAP,1,0,0,1,0,0,0,0,Nokia N70,Symbian OS,0,,
Nokia,N73,nokia_n73_ver1_sub140812421,nokia_n73_ver1,WAP,1,0,0,1,0,0,0,0,Nokia N73,Symbian OS,0,,
Nokia,N73,nokia_n73_ver1_sub40726201,nokia_n73_ver1,WAP,1,0,0,1,0,0,0,0,Nokia N73,Symbian OS,0,,
Nokia,N73,nokia_n73_ver1_sub40727221,nokia_n73_ver1,WAP,1,0,0,1,0,0,0,0,Nokia N73,Symbian OS,0,,
Nokia,N73,nokia_n73_ver1_submozilla50,nokia_n73_ver1,sms,4,0,0,4,0,0,0,0,Nokia N73,Symbian OS,0,,
Nokia,N73,nokia_n73_ver1_submozilla50,nokia_n73_ver1,WAP,7,0,0,7,0,0,0,0,Nokia N73,Symbian OS,0,,
Nokia,N73,nokia_n73_ver1_sub408394201,nokia_n73_ver1_sub407473101,WAP,1,0,0,1,0,0,0,0,Nokia N73,Symbian OS,0,,
Nokia,N8-00,nokia_n8_00_ver1_sub011012,nokia_n8_00_ver1,WAP,1,0,0,1,0,0,0,0,Nokia N8-00,Symbian OS,0,,
Nokia,N8-00,nokia_n8_00_ver1_subbrowserng73,nokia_n8_00_ver1,null,1,0,0,1,0,0,0,0,Nokia N8-00,Symbian OS,0,,
Nokia,N8-00,nokia_n8_00_ver1_subbrowserng73,nokia_n8_00_ver1,sms,2,0,0,2,0,0,0,0,Nokia N8-00,Symbian OS,0,,
Nokia,N8-00,nokia_n8_00_ver1_subs53,nokia_n8_00_ver1,null,2,0,0,2,0,0,0,0,Nokia N8-00,Symbian OS,0,,
Nokia,N8-00,nokia_n8_00_ver1_subs53,nokia_n8_00_ver1,sms,16,0,0,16,0,1,0.0625,0.0625,Nokia N8-00,Symbian OS,0,,
Nokia,N8-00,nokia_n8_00_ver1_subs53,nokia_n8_00_ver1,WAP,7,0,0,7,0,1,0.14285714285714285,0.14285714285714285,Nokia N8-00,Symbian OS,0,,
Nokia,N82,nokia_n82_ver1_sub200062,nokia_n82_ver1_sub110117,null,1,0,0,1,0,0,0,0,Nokia N82,Symbian OS,0,,
Nokia,N9,nokia_n9_ver1_sub534,nokia_n9_ver1,sms,10,0,0,10,0,0,0,0,Nokia N9,MeeGo,0,,
Nokia,N9,nokia_n9_ver1_sub534,nokia_n9_ver1,null,1,0,0,1,0,0,0,0,Nokia N9,MeeGo,0,,
Nokia,N900,nokia_n900_ver1_sub192b6,nokia_n900_ver1,null,1,0,0,1,0,0,0,0,Nokia N900,Linux Smartphone OS,0,,
Nokia,N900,nokia_n900_ver1_sub192b6,nokia_n900_ver1,WAP,1,0,0,1,0,1,1,1,Nokia N900,Linux Smartphone OS,0,,
Nokia,N95,nokia_n95_ver1_sub_mozilla_c,nokia_n95_ver1,WAP,1,0,0,1,0,0,0,0,Nokia N95,Symbian OS,0,,
Nokia,N97,nokia_n97_ver1_sub_220110,nokia_n97_ver1,sms,6,0,0,6,0,0,0,0,Nokia N97,Symbian OS,0,,
Nokia,N97,nokia_n97_ver1_sub_220110,nokia_n97_ver1,WAP,1,0,0,1,0,0,0,0,Nokia N97,Symbian OS,0,,
Nokia,N97,nokia_n97_ver1_sub1110021,nokia_n97_ver1,null,1,0,0,1,0,0,0,0,Nokia N97,Symbian OS,0,,
Nokia,X2-00,nokia_x2_00_ver1_sub500480,nokia_x2_00_ver1,WAP,3,0,0,3,0,2,0.6666666666666666,0.6666666666666666,Nokia X2-00,,0,,
Nokia,X2-02,nokia_x2_02_ver1_subovibrsr,nokia_x2_02_ver1,null,8,0,0,8,0,0,0,0,Nokia X2-02,,0,,
Nokia,X2-05,nokia_x2_05_ver1_subovibrsr,nokia_x2_05_ver1,null,1,0,0,1,0,0,0,0,Nokia X2-05,,0,,
Nokia,X3-00,nokia_x3_00_ver1_sub0050,nokia_x3_00_ver1,WAP,1,0,0,1,0,0,0,0,Nokia X3-00,,0,,
Nokia,X3-02,nokia_x3_02_ver1_subua673,nokia_x3_02_ver1,JAVA_APP,1,0,0,1,0,0,0,0,Nokia X3-02,,0,,
Nokia,X3-02,nokia_x3_02_ver1_subua673,nokia_x3_02_ver1,WAP,9,0,0,9,0,1,0.1111111111111111,0.1111111111111111,Nokia X3-02,,0,,
Nokia,X6-00,nokia_x6_ver1_sub210004,nokia_x6_ver1,WAP,1,0,0,1,0,0,0,0,Nokia X6-00,Symbian OS,0,,
Nokia,X7-00,nokia_x7_00_ver1_subua53,nokia_x7_00_ver1,WAP,2,0,0,2,0,1,0.5,0.5,Nokia X7-00,Symbian OS,0,,
Opera Software,Opera,opera_11,opera_10,sms,3,0,0,3,0,0,0,0,Opera Software Opera,Desktop,0,,
Opera Software,Opera,opera_11,opera_10,null,2,0,0,2,0,0,0,0,Opera Software Opera,Desktop,0,,
Opera Software,Opera,opera_12,opera_11,WAP,1,0,0,1,0,0,0,0,Opera Software Opera,Desktop,0,,
Opera Software,Opera,opera_12,opera_11,null,26,0,0,26,0,0,0,0,Opera Software Opera,Desktop,0,,
Opera Software,Opera,opera_12,opera_11,sms,38,0,0,38,0,0,0,0,Opera Software Opera,Desktop,0,,
Opera Software,Opera,opera_9,opera_8,WAP,1,0,0,1,0,0,0,0,Opera Software Opera,Desktop,0,,
Opera Software,Opera,opera_10,opera_9,null,1,0,0,1,0,0,0,0,Opera Software Opera,Desktop,0,,
Opera Software,Opera,opera_10,opera_9,GooglePlay,1,0,0,1,0,0,0,0,Opera Software Opera,Desktop,0,,
Opera,Opera for Series 60,opera_nokia_series60_sub934fr,opera_nokia_series60_sub452,sms,6,0,0,6,0,0,0,0,Opera Opera for Series 60,Symbian OS,0,,
Opera,Opera for Series 60,opera_nokia_series60_sub934fr,opera_nokia_series60_sub452,null,1,0,0,1,0,0,0,0,Opera Opera for Series 60,Symbian OS,0,,
Opera,Opera for Series 60,opera_nokia_series60_sub934fr,opera_nokia_series60_sub452,WAP,3,0,0,3,0,1,0.3333333333333333,0.3333333333333333,Opera Opera for Series 60,Symbian OS,0,,
Samsung,GT-C3011,samsung_c3011_ver1,opwv_v62_generic,WAP,1,0,0,1,0,0,0,0,Samsung GT-C3011,,0,,
Samsung,SGH-E740,samsung_e740_ver1,opwv_v62_generic,WAP,1,0,0,1,0,0,0,0,Samsung SGH-E740,,0,,
Samsung,C3010,samsung_gt_c3010_ver1,opwv_v62_generic,WAP,2,0,0,2,0,0,0,0,Samsung C3010,,0,,
Samsung,GT-E2232,samsung_gt_e2232_ver1,opwv_v62_generic,WAP,6,0,0,6,0,0,0,0,Samsung GT-E2232,,0,,
Samsung,GT-E2232,samsung_gt_e2232_ver1,opwv_v62_generic,sms,1,0,0,1,0,0,0,0,Samsung GT-E2232,,0,,
Samsung,SGH-D780,samsung_sgh_d780_ver1,opwv_v62_generic,WAP,2,0,0,2,0,0,0,0,Samsung SGH-D780,,0,,
Samsung,SGH-D880,samsung_sgh_d880_ver1,opwv_v62_generic,WAP,1,0,0,1,0,1,1,1,Samsung SGH-D880,,0,,
,,generic,root,null,2,0,0,2,0,0,0,0, ,,0,,
,,generic,root,WAP,11,0,0,11,0,0,0,0, ,,0,,
,,generic,root,sms,6,0,0,6,0,0,0,0, ,,0,,
Apple,Safari,safari_3_0_windows,safari,null,6,0,0,6,0,0,0,0,Apple Safari,Desktop,0,,
Apple,Safari,safari_4_0_windows,safari_3_0_windows,null,3,0,0,3,0,0,0,0,Apple Safari,Desktop,0,,
Apple,Safari,safari_5_0_mac,safari_4_0_mac,sms,1,0,0,1,0,0,0,0,Apple Safari,Desktop,0,,
Apple,Safari,safari_5_0_mac,safari_4_0_mac,null,1,0,0,1,0,0,0,0,Apple Safari,Desktop,0,,
Apple,Safari,safari_5_0_windows,safari_4_0_windows,null,3,0,0,3,0,0,0,0,Apple Safari,Desktop,0,,
Samsung,C3050,samsung_c3050_ver1_sub10,samsung_c3050_ver1,WAP,1,0,0,1,0,0,0,0,Samsung C3050,,0,,
Samsung,EK-GC100,samsung_ek_gc100_ver1_subua41,samsung_ek_gc100_ver1,GooglePlay,1,0,0,1,0,0,0,0,Samsung EK-GC100,Android,0,,
Samsung,Galaxy Nexus,samsung_galaxy_nexus_ver1_suban42,samsung_galaxy_nexus_ver1,GooglePlay,3,0,0,3,0,0,0,0,Samsung Galaxy Nexus,Android,0,,
Samsung,Galaxy Nexus,samsung_galaxy_nexus_ver1_suban42chrome,samsung_galaxy_nexus_ver1,GooglePlay,2,0,0,2,0,0,0,0,Samsung Galaxy Nexus,Android,0,,
Samsung,GT-P7500,samsung_galaxy_tab_p4_ver1_suban40rom,samsung_galaxy_tab_p4_ver1,WAP,1,0,0,1,0,0,0,0,Samsung GT-P7500,Android,0,,
Samsung,GT-B5510,samsung_gt_b5510_ver1_subuanosam,samsung_gt_b5510_ver1,GooglePlay,2,0,0,2,0,0,0,0,Samsung GT-B5510,Android,0,,
Samsung,GT-B7722,samsung_gt_b7722_ver1_subxejg6,samsung_gt_b7722_ver1,sms,1,0,0,1,0,0,0,0,Samsung GT-B7722,,0,,
Samsung,GT-C3300i,samsung_gt_c3300i_ver1_subua,samsung_gt_c3300i_ver1,WAP,2,0,0,2,0,0,0,0,Samsung GT-C3300i,,0,,
Samsung,GT-C3312,samsung_gt_c3312_ver1,samsung_gt_c3332_ver1,WAP,2,0,0,2,0,0,0,0,Samsung GT-C3312,,0,,
Samsung,C5212,samsung_gt_c5212_ver1_subddjh6,samsung_gt_c5212_ver1,WAP,6,0,0,6,0,1,0.16666666666666666,0.16666666666666666,Samsung C5212,,0,,
Samsung,C5212,samsung_gt_c5212_ver1subua,samsung_gt_c5212_ver1,sms,2,0,0,2,0,0,0,0,Samsung C5212,,0,,
Samsung,C5212,samsung_gt_c5212_ver1subua,samsung_gt_c5212_ver1,WAP,2,0,0,2,0,0,0,0,Samsung C5212,,0,,
Samsung,GT-I8160P,samsung_gt_i8160_ver1_subuap,samsung_gt_i8160_ver1,GooglePlay,1,0,0,1,0,0,0,0,Samsung GT-I8160P,Android,0,,
Samsung,GT-I8190,samsung_gt_i8190_ver1_suban41,samsung_gt_i8190_ver1,GooglePlay,35,0,0,35,0,0,0,0,Samsung GT-I8190,Android,0,,
Samsung,GT-I8190,samsung_gt_i8190_ver1_suban41,samsung_gt_i8190_ver1,WAP,22,0,0,22,0,0,0,0,Samsung GT-I8190,Android,0,,
Samsung,GT-I8190N,samsung_gt_i8190_ver1_subua41n,samsung_gt_i8190_ver1,GooglePlay,1,0,0,1,0,0,0,0,Samsung GT-I8190N,Android,0,,
Samsung,GT-I9003,samsung_gt_i9003_ver1_suban23,samsung_gt_i9003_ver1,WAP,7,0,0,7,0,0,0,0,Samsung GT-I9003,Android,0,,
Samsung,GT-I9003,samsung_gt_i9003_ver1_suban23,samsung_gt_i9003_ver1,GooglePlay,6,0,0,6,0,0,0,0,Samsung GT-I9003,Android,0,,
Samsung,GT-I9070,samsung_gt_i9070_ver1_suban41,samsung_gt_i9070_ver1,WAP,1,0,0,1,0,0,0,0,Samsung GT-I9070,Android,0,,
Samsung,GT-I9070,samsung_gt_i9070_ver1_subuanosamsung,samsung_gt_i9070_ver1,GooglePlay,8,0,0,8,0,1,0.125,0.125,Samsung GT-I9070,Android,0,,
Samsung,GT-I9082,samsung_gt_i9082_ver1_suban42,samsung_gt_i9082_ver1,WAP,1,0,0,1,0,0,0,0,Samsung GT-I9082,Android,0,,
Samsung,GT-I9082,samsung_gt_i9082_ver1_suban42,samsung_gt_i9082_ver1,GooglePlay,17,0,0,17,0,0,0,0,Samsung GT-I9082,Android,0,,
Samsung,GT-I9082L,samsung_gt_i9082_ver1_subual,samsung_gt_i9082_ver1,WAP,1,0,0,1,0,0,0,0,Samsung GT-I9082L,Android,0,,
Samsung,GT-I9082L,samsung_gt_i9082_ver1_subual,samsung_gt_i9082_ver1,GooglePlay,4,0,0,4,0,0,0,0,Samsung GT-I9082L,Android,0,,
Samsung,GT-I9100,samsung_gt_i9100_ver1_suban40chrome,samsung_gt_i9100_ver1,GooglePlay,6,0,0,6,0,0,0,0,Samsung GT-I9100,Android,0,,
Samsung,GT-I9100,samsung_gt_i9100_ver1_suban40chrome,samsung_gt_i9100_ver1,WAP,3,0,0,3,0,0,0,0,Samsung GT-I9100,Android,0,,
Samsung,GT-I9100G,samsung_gt_i9100_ver1_suban40g,samsung_gt_i9100_ver1,GooglePlay,1,0,0,1,0,0,0,0,Samsung GT-I9100G,Android,0,,
Samsung,GT-I9100,samsung_gt_i9100_ver1_suban40rom,samsung_gt_i9100_ver1,WAP,9,0,0,9,0,0,0,0,Samsung GT-I9100,Android,0,,
Samsung,GT-I9100,samsung_gt_i9100_ver1_suban40rom,samsung_gt_i9100_ver1,GooglePlay,18,0,0,18,0,0,0,0,Samsung GT-I9100,Android,0,,
Samsung,GT-I9100,samsung_gt_i9100_ver1_suban41,samsung_gt_i9100_ver1,WAP,1,0,0,1,0,0,0,0,Samsung GT-I9100,Android,0,,
Samsung,GT-I9100,samsung_gt_i9100_ver1_suban41rom,samsung_gt_i9100_ver1,GooglePlay,48,0,0,48,0,0,0,0,Samsung GT-I9100,Android,0,,
Samsung,GT-I9100,samsung_gt_i9100_ver1_suban41rom,samsung_gt_i9100_ver1,WAP,21,0,0,21,0,1,0.047619047619047616,0.047619047619047616,Samsung GT-I9100,Android,0,,
Samsung,GT-I9100,samsung_gt_i9100_ver1_suban41romg,samsung_gt_i9100_ver1,GooglePlay,3,0,0,3,0,0,0,0,Samsung GT-I9100,Android,0,,
Samsung,GT-I9100,samsung_gt_i9100_ver1_suban42,samsung_gt_i9100_ver1,GooglePlay,1,0,0,1,0,0,0,0,Samsung GT-I9100,Android,0,,
Samsung,GT-I9100,samsung_gt_i9100_ver1_subua,samsung_gt_i9100_ver1,GooglePlay,1,0,0,1,0,0,0,0,Samsung GT-I9100,Android,0,,
Samsung,GT-I9100G,samsung_gt_i9100_ver1_subuag,samsung_gt_i9100_ver1,WAP,2,0,0,2,0,0,0,0,Samsung GT-I9100G,Android,0,,
Samsung,GT-I9100G,samsung_gt_i9100_ver1_subuag,samsung_gt_i9100_ver1,GooglePlay,1,0,0,1,0,0,0,0,Samsung GT-I9100G,Android,0,,
Samsung,GT-I9100,samsung_gt_i9100_ver1_suban41rom_subuachrome,samsung_gt_i9100_ver1_suban41rom,WAP,3,0,0,3,0,0,0,0,Samsung GT-I9100,Android,0,,
Samsung,GT-I9100,samsung_gt_i9100_ver1_suban41rom_subuachrome,samsung_gt_i9100_ver1_suban41rom,GooglePlay,20,0,0,20,0,0,0,0,Samsung GT-I9100,Android,0,,
Samsung,GT-I9105,samsung_gt_i9105_ver1_suban41,samsung_gt_i9105_ver1,GooglePlay,16,0,0,16,0,0,0,0,Samsung GT-I9105,Android,0,,
Samsung,GT-I9105,samsung_gt_i9105_ver1_suban41,samsung_gt_i9105_ver1,WAP,11,0,0,11,0,0,0,0,Samsung GT-I9105,Android,0,,
Samsung,GT-I9105P,samsung_gt_i9105_ver1_suban41p,samsung_gt_i9105_ver1,GooglePlay,1,0,0,1,0,0,0,0,Samsung GT-I9105P,Android,0,,
Samsung,GT-I9152,samsung_gt_i9152_ver1_suban42i9152,samsung_gt_i9152_ver1,GooglePlay,1,0,0,1,0,0,0,0,Samsung GT-I9152,Android,0,,
Samsung,GT-I9152,samsung_gt_i9152_ver1_suban42i9152,samsung_gt_i9152_ver1,WAP,2,0,0,2,0,0,0,0,Samsung GT-I9152,Android,0,,
Samsung,GT-I9192,samsung_gt_i9190_ver1_subua9192,samsung_gt_i9190_ver1,WAP,4,0,0,4,0,0,0,0,Samsung GT-I9192,Android,0,,
Samsung,GT-I9192,samsung_gt_i9190_ver1_subua9192,samsung_gt_i9190_ver1,GooglePlay,15,0,0,15,0,0,0,0,Samsung GT-I9192,Android,0,,
Samsung,GT-I9192,samsung_gt_i9190_ver1_subua9192_subuachrome,samsung_gt_i9190_ver1,GooglePlay,21,0,0,21,0,0,0,0,Samsung GT-I9192,Android,0,,
Samsung,GT-I9192,samsung_gt_i9190_ver1_subua9192_subuachrome,samsung_gt_i9190_ver1,WAP,2,0,0,2,0,0,0,0,Samsung GT-I9192,Android,0,,
Samsung,GT-I9200,samsung_gt_i9200_ver1_subuachrome,samsung_gt_i9200_ver1,GooglePlay,1,0,0,1,0,0,0,0,Samsung GT-I9200,Android,0,,
Samsung,GT-I9295,samsung_gt_i9295_ver1_subuachrome,samsung_gt_i9295_ver1,GooglePlay,3,0,0,3,0,0,0,0,Samsung GT-I9295,Android,0,,
Samsung,GT-I9300,samsung_gt_i9300_ver1_suban41,samsung_gt_i9300_ver1,GooglePlay,121,0,0,121,0,0,0,0,Samsung GT-I9300,Android,0,,
Samsung,GT-I9300,samsung_gt_i9300_ver1_suban41,samsung_gt_i9300_ver1,WAP,61,0,0,61,0,3,0.04918032786885246,0.04918032786885246,Samsung GT-I9300,Android,0,,
Samsung,GT-I9300,samsung_gt_i9300_ver1_suban41dlih,samsung_gt_i9300_ver1,GooglePlay,1,0,0,1,0,0,0,0,Samsung GT-I9300,Android,0,,
Samsung,SGH-T999,samsung_gt_i9300_ver1_suban41tmobile,samsung_gt_i9300_ver1,GooglePlay,2,0,0,2,0,0,0,0,Samsung SGH-T999,Android,0,,
Samsung,GT-I9300,samsung_gt_i9300_ver1_suban43,samsung_gt_i9300_ver1,GooglePlay,1,0,0,1,0,0,0,0,Samsung GT-I9300,Android,0,,
Samsung,GT-I9300,samsung_gt_i9300_ver1_subuachrome,samsung_gt_i9300_ver1,WAP,1,0,0,1,0,0,0,0,Samsung GT-I9300,Android,0,,
Samsung,GT-I9300,samsung_gt_i9300_ver1_subuachrome,samsung_gt_i9300_ver1,GooglePlay,2,0,0,2,0,0,0,0,Samsung GT-I9300,Android,0,,
Samsung,GT-I9300,samsung_gt_i9300_ver1_suban41_subuachrome,samsung_gt_i9300_ver1_suban41,WAP,21,0,0,21,0,0,0,0,Samsung GT-I9300,Android,0,,
Samsung,GT-I9300,samsung_gt_i9300_ver1_suban41_subuachrome,samsung_gt_i9300_ver1_suban41,GooglePlay,57,0,0,57,0,1,0.017543859649122806,0.017543859649122806,Samsung GT-I9300,Android,0,,
Samsung,GT-I9500,samsung_gt_i9500_ver1_subua9500sam,samsung_gt_i9500_ver1,GooglePlay,31,0,0,31,0,0,0,0,Samsung GT-I9500,Android,0,,
Samsung,GT-I9500,samsung_gt_i9500_ver1_subua9500sam,samsung_gt_i9500_ver1,WAP,7,0,0,7,0,0,0,0,Samsung GT-I9500,Android,0,,
Samsung,GT-I9500,samsung_gt_i9500_ver1_subua9500sam,samsung_gt_i9500_ver1,sms,7,0,0,7,0,0,0,0,Samsung GT-I9500,Android,0,,
Samsung,GT-I9505,samsung_gt_i9500_ver1_subua9505,samsung_gt_i9500_ver1,WAP,1,0,0,1,0,0,0,0,Samsung GT-I9505,Android,0,,
Samsung,GT-I9505,samsung_gt_i9500_ver1_subua9505,samsung_gt_i9500_ver1,sms,5,0,0,5,0,0,0,0,Samsung GT-I9505,Android,0,,
Samsung,GT-I9505,samsung_gt_i9500_ver1_subua9505,samsung_gt_i9500_ver1,GooglePlay,4,0,0,4,0,0,0,0,Samsung GT-I9505,Android,0,,
Samsung,GT-I9505,samsung_gt_i9500_ver1_subua9505sam,samsung_gt_i9500_ver1,WAP,2,0,0,2,0,0,0,0,Samsung GT-I9505,Android,0,,
Samsung,GT-N7000,samsung_gt_n7000_ver1_suban40,samsung_gt_n7000_ver1,WAP,10,0,0,10,0,0,0,0,Samsung GT-N7000,Android,0,,
Samsung,GT-N7000,samsung_gt_n7000_ver1_suban40,samsung_gt_n7000_ver1,GooglePlay,2,0,0,2,0,0,0,0,Samsung GT-N7000,Android,0,,
Samsung,GT-N7000,samsung_gt_n7000_ver1_suban41rom,samsung_gt_n7000_ver1,WAP,10,0,0,10,0,0,0,0,Samsung GT-N7000,Android,0,,
Samsung,GT-N7000,samsung_gt_n7000_ver1_suban41rom,samsung_gt_n7000_ver1,GooglePlay,19,0,0,19,0,0,0,0,Samsung GT-N7000,Android,0,,
Samsung,SGH-i717,samsung_sgh_i717_ver1,samsung_gt_n7000_ver1,GooglePlay,1,0,0,1,0,0,0,0,Samsung SGH-i717,Android,0,,
Samsung,GT-N7105,samsung_gt_n7100_ver1_subua5nosam,samsung_gt_n7100_ver1,GooglePlay,2,0,0,2,0,0,0,0,Samsung GT-N7105,Android,0,,
Samsung,GT-N7102,samsung_gt_n7100_ver1_subua7102,samsung_gt_n7100_ver1,GooglePlay,1,0,0,1,0,0,0,0,Samsung GT-N7102,Android,0,,
Samsung,GT-N7100,samsung_gt_n7100_ver1_subuachrome,samsung_gt_n7100_ver1,GooglePlay,19,0,0,19,0,0,0,0,Samsung GT-N7100,Android,0,,
Samsung,GT-N7100,samsung_gt_n7100_ver1_subuachrome,samsung_gt_n7100_ver1,WAP,7,0,0,7,0,0,0,0,Samsung GT-N7100,Android,0,,
Samsung,GT-N8000,samsung_gt_n8000_ver1_suban41,samsung_gt_n8000_ver1,GooglePlay,46,0,0,46,0,0,0,0,Samsung GT-N8000,Android,0,,
Samsung,GT-N8000,samsung_gt_n8000_ver1_suban41,samsung_gt_n8000_ver1,WAP,24,0,0,24,0,1,0.041666666666666664,0.041666666666666664,Samsung GT-N8000,Android,0,,
Samsung,GT-N8013,samsung_gt_n8000_ver1_suban41n8013,samsung_gt_n8000_ver1,GooglePlay,1,0,0,1,0,0,0,0,Samsung GT-N8013,Android,0,,
Samsung,GT-P3100,samsung_gt_p3100_ver1_suban41,samsung_gt_p3100_ver1,WAP,35,0,0,35,0,1,0.02857142857142857,0.02857142857142857,Samsung GT-P3100,Android,0,,
Samsung,GT-P3100,samsung_gt_p3100_ver1_suban41,samsung_gt_p3100_ver1,GooglePlay,40,0,0,40,0,0,0,0,Samsung GT-P3100,Android,0,,
Samsung,GT-P3113,samsung_gt_p3100_ver1_suban41p3113,samsung_gt_p3100_ver1,GooglePlay,1,0,0,1,0,0,0,0,Samsung GT-P3113,Android,0,,
Samsung,GT-P3110,samsung_gt_p3100_ver1_subua3110,samsung_gt_p3100_ver1,GooglePlay,1,0,0,1,0,0,0,0,Samsung GT-P3110,Android,0,,
Samsung,GT-P3100,samsung_gt_p3100_ver1_suban41_subuachrome,samsung_gt_p3100_ver1_suban41,WAP,2,0,0,2,0,0,0,0,Samsung GT-P3100,Android,0,,
Samsung,GT-P3100,samsung_gt_p3100_ver1_suban41_subuachrome,samsung_gt_p3100_ver1_suban41,GooglePlay,3,0,0,3,0,0,0,0,Samsung GT-P3100,Android,0,,
Samsung,GT-P5100,samsung_gt_p5100_ver1_suban41sam,samsung_gt_p5100_ver1,GooglePlay,2,0,0,2,0,0,0,0,Samsung GT-P5100,Android,0,,
Samsung,GT-P5100,samsung_gt_p5100_ver1_suban41sam,samsung_gt_p5100_ver1,WAP,1,0,0,1,0,0,0,0,Samsung GT-P5100,Android,0,,
Samsung,GT-P5110,samsung_gt_p5100_ver1_subua5110,samsung_gt_p5100_ver1,GooglePlay,3,0,0,3,0,0,0,0,Samsung GT-P5110,Android,0,,
Samsung,GT-P5100,samsung_gt_p5100_ver1_subuachrome,samsung_gt_p5100_ver1,GooglePlay,1,0,0,1,0,0,0,0,Samsung GT-P5100,Android,0,,
Samsung,GT-P6800,samsung_gt_p6800_ver1_suban40,samsung_gt_p6800_ver1,WAP,2,0,0,2,0,0,0,0,Samsung GT-P6800,Android,0,,
Samsung,GT-S3650,samsung_gt_s3650_ver1_subaaii3,samsung_gt_s3650_ver1,WAP,1,0,0,1,0,0,0,0,Samsung GT-S3650,,0,,
Samsung,GT-S3802,samsung_gt_s3800_ver1_subuaduos,samsung_gt_s3800_ver1,WAP,1,0,0,1,0,0,0,0,Samsung GT-S3802,,0,,
Samsung,GT-S5230,samsung_gt_s5230_ver1_submxi,samsung_gt_s5230_ver1_subjasmine1_0,sms,1,0,0,1,0,0,0,0,Samsung GT-S5230,,0,,
Samsung,GT-S5230,samsung_gt_s5230_ver1_submxi,samsung_gt_s5230_ver1_subjasmine1_0,WAP,8,0,0,8,0,2,0.25,0.25,Samsung GT-S5230,,0,,
Samsung,GT S5233A,samsung_gt_s5233a_ver1,samsung_gt_s5233w_ver1,WAP,1,0,0,1,0,0,0,0,Samsung GT S5233A,,0,,
Samsung,GT-S5233T,samsung_gt_s5233t_ver1,samsung_gt_s5233w_ver1,WAP,1,0,0,1,0,0,0,0,Samsung GT-S5233T,,0,,
Samsung,GT-S5260,samsung_gt_s5260_ver1_subua,samsung_gt_s5260_ver1,WAP,1,0,0,1,0,0,0,0,Samsung GT-S5260,,0,,
Samsung,GT-S5282,samsung_gt_s5280_ver1_subuas5282,samsung_gt_s5280_ver1,WAP,1,0,0,1,0,0,0,0,Samsung GT-S5282,Android,0,,
Samsung,GT-S5282,samsung_gt_s5280_ver1_subuas5282,samsung_gt_s5280_ver1,GooglePlay,4,0,0,4,0,0,0,0,Samsung GT-S5282,Android,0,,
Samsung,GT-S5360,samsung_gt_s5360_ver1_subua,samsung_gt_s5360_ver1,WAP,3,0,0,3,0,0,0,0,Samsung GT-S5360,Android,0,,
Samsung,GT-S5360,samsung_gt_s5360_ver1_subua,samsung_gt_s5360_ver1,GooglePlay,8,0,0,8,0,0,0,0,Samsung GT-S5360,Android,0,,
Samsung,GT-S5570,samsung_gt_s5570_ver1_suban234b,samsung_gt_s5570_ver1_suban234,GooglePlay,1,0,0,1,0,0,0,0,Samsung GT-S5570,Android,0,,
Samsung,GT S5600,samsung_gt_s5600_ver1_subua,samsung_gt_s5600_ver1_suborange,WAP,1,0,0,1,0,0,0,0,Samsung GT S5600,,0,,
Samsung,GT S5620,samsung_gt_s5620_ver1_suborange,samsung_gt_s5620_ver1,WAP,1,0,0,1,0,0,0,0,Samsung GT S5620,,0,,
Samsung,GT-S5660,samsung_gt_s5660_ver1_suban23,samsung_gt_s5660_ver1,WAP,1,0,0,1,0,0,0,0,Samsung GT-S5660,Android,0,,
Samsung,GT-S5660,samsung_gt_s5660_ver1_suban23,samsung_gt_s5660_ver1,GooglePlay,2,0,0,2,0,0,0,0,Samsung GT-S5660,Android,0,,
Samsung,GT-S5670,samsung_gt_s5670_ver1_suban23,samsung_gt_s5670_ver1,GooglePlay,4,0,0,4,0,0,0,0,Samsung GT-S5670,Android,0,,
Samsung,GT-S5670,samsung_gt_s5670_ver1_suban23,samsung_gt_s5670_ver1,WAP,1,0,0,1,0,1,1,1,Samsung GT-S5670,Android,0,,
Samsung,GT-S5830,samsung_gt_s5830_ver1_suban22,samsung_gt_s5830_ver1,GooglePlay,1,0,0,1,0,0,0,0,Samsung GT-S5830,Android,0,,
Samsung,GT-S5830i,samsung_gt_s5830_ver1_subuai,samsung_gt_s5830_ver1,GooglePlay,18,0,0,18,0,0,0,0,Samsung GT-S5830i,Android,0,,
Samsung,GT-S5830i,samsung_gt_s5830_ver1_subuai,samsung_gt_s5830_ver1,WAP,6,0,0,6,0,1,0.16666666666666666,0.16666666666666666,Samsung GT-S5830i,Android,0,,
Samsung,GT-S5830,samsung_gt_s5830_ver1_suban23,samsung_gt_s5830_ver1_suban22,WAP,1,0,0,1,0,0,0,0,Samsung GT-S5830,Android,0,,
Samsung,GT-S5830,samsung_gt_s5830_ver1_suban23,samsung_gt_s5830_ver1_suban22,GooglePlay,11,0,0,11,0,0,0,0,Samsung GT-S5830,Android,0,,
Samsung,GT-S6500D,samsung_gt_s6500_ver1_subuad,samsung_gt_s6500_ver1,GooglePlay,1,0,0,1,0,0,0,0,Samsung GT-S6500D,Android,0,,
Samsung,GT-S6500D,samsung_gt_s6500_ver1_subuad,samsung_gt_s6500_ver1,WAP,1,0,0,1,0,0,0,0,Samsung GT-S6500D,Android,0,,
Samsung,GT-S7070,samsung_gt_s7070_ver1_subxijb3,samsung_gt_s7070_ver1,WAP,1,0,0,1,0,0,0,0,Samsung GT-S7070,,0,,
Samsung,GT-S7250,samsung_gt_s7250_ver1_subuad,samsung_gt_s7250_ver1,WAP,1,0,0,1,0,0,0,0,Samsung GT-S7250,Bada OS,0,,
Samsung,GT-S7272,samsung_gt_s7270_ver1_subuas7272,samsung_gt_s7270_ver1,GooglePlay,8,0,0,8,0,0,0,0,Samsung GT-S7272,Android,0,,
Samsung,GT-S7272,samsung_gt_s7270_ver1_subuas7272,samsung_gt_s7270_ver1,WAP,2,0,0,2,0,0,0,0,Samsung GT-S7272,Android,0,,
Samsung,GT-S7500,samsung_gt_s7500_ver1_subuanosam,samsung_gt_s7500_ver1,GooglePlay,3,0,0,3,0,0,0,0,Samsung GT-S7500,Android,0,,
Samsung,GT-S7500,samsung_gt_s7500_ver1_subuanosam,samsung_gt_s7500_ver1,WAP,2,0,0,2,0,0,0,0,Samsung GT-S7500,Android,0,,
Samsung,GT-S7562,samsung_gt_s7562_ver1_subuachrome,samsung_gt_s7562_ver1,GooglePlay,11,0,0,11,0,0,0,0,Samsung GT-S7562,Android,0,,
Samsung,GT-S7562,samsung_gt_s7562_ver1_subuachrome,samsung_gt_s7562_ver1,WAP,7,0,0,7,0,0,0,0,Samsung GT-S7562,Android,0,,
Samsung,GT-S7562L,samsung_gt_s7562_ver1_subual,samsung_gt_s7562_ver1,GooglePlay,3,0,0,3,0,0,0,0,Samsung GT-S7562L,Android,0,,
Samsung,GT-i8350,samsung_gt_i8350_ver1,samsung_omnia7_ver1_subos75,sms,3,0,0,3,0,0,0,0,Samsung GT-i8350,Windows Phone OS,0,,
Samsung,GT-i8350,samsung_gt_i8350_ver1,samsung_omnia7_ver1_subos75,null,1,0,0,1,0,0,0,0,Samsung GT-i8350,Windows Phone OS,0,,
Samsung,SGH-T989,samsung_sgh_t989_ver1_suban41,samsung_sgh_t989_ver1,GooglePlay,1,0,0,1,0,0,0,0,Samsung SGH-T989,Android,0,,
Samsung,SHW-M110S,samsung_shw_m110s_ver1_suban233,samsung_shw_m110s_ver1,GooglePlay,1,0,0,1,0,0,0,0,Samsung SHW-M110S,Android,0,,
Samsung,SM-N9005,samsung_sm_n900_ver1_subua9005,samsung_sm_n900_ver1,GooglePlay,1,0,0,1,0,0,0,0,Samsung SM-N9005,Android,0,,
Samsung,SM-T211,samsung_sm_t210_ver1_subuat211,samsung_sm_t210_ver1,WAP,9,0,0,9,0,1,0.1111111111111111,0.1111111111111111,Samsung SM-T211,Android,0,,
Samsung,SM-T211,samsung_sm_t210_ver1_subuat211,samsung_sm_t210_ver1,GooglePlay,16,0,0,16,0,0,0,0,Samsung SM-T211,Android,0,,
Samsung,SM-T311,samsung_sm_t310_ver1_subuat311,samsung_sm_t310_ver1,WAP,4,0,0,4,0,1,0.25,0.25,Samsung SM-T311,Android,0,,
Samsung,SM-T311,samsung_sm_t310_ver1_subuat311,samsung_sm_t310_ver1,GooglePlay,3,0,0,3,0,0,0,0,Samsung SM-T311,Android,0,,
Samsung,SGH-E840,sec_e840_ver1_sub34,sec_e840_ver1,WAP,1,0,0,1,0,0,0,0,Samsung SGH-E840,,0,,
Sony,C6503,sony_c6502_ver1_subua6503,sony_c6502_ver1,GooglePlay,1,0,0,1,0,0,0,0,Sony C6503,Android,0,,
Sony,LT25i,sony_lt25i_ver1_suban41,sony_lt25i_ver1,GooglePlay,3,0,0,3,0,0,0,0,Sony LT25i,Android,0,,
Sony,LT25i,sony_lt25i_ver1_suban41nosony,sony_lt25i_ver1,GooglePlay,9,0,0,9,0,0,0,0,Sony LT25i,Android,0,,
Sony,LT29i,sony_lt29i_ver1_suban41,sony_lt29i_ver1,GooglePlay,1,0,0,1,0,0,0,0,Sony LT29i,Android,0,,
Sony,ST26i,sony_st26i_ver1_suban41,sony_st26i_ver1,GooglePlay,2,0,0,2,0,0,0,0,Sony ST26i,Android,0,,
Sony,ST26i,sony_st26i_ver1_suban41,sony_st26i_ver1,WAP,1,0,0,1,0,0,0,0,Sony ST26i,Android,0,,
Sony,ST26i,sony_st26i_ver1_suban41sony,sony_st26i_ver1,GooglePlay,1,0,0,1,0,0,0,0,Sony ST26i,Android,0,,
Sony,ST26i,sony_st26i_ver1_suban41sony,sony_st26i_ver1,WAP,1,0,0,1,0,0,0,0,Sony ST26i,Android,0,,
Sony,ST26a,sony_st26i_ver1_subuaa,sony_st26i_ver1,GooglePlay,1,0,0,1,0,0,0,0,Sony ST26a,Android,0,,
Sony,ST26i,sony_st26i_ver1_subuanose,sony_st26i_ver1,WAP,1,0,0,1,0,0,0,0,Sony ST26i,Android,0,,
Sony,Tablet S,sony_tablet_s_ver1_suban40,sony_tablet_s_ver1,WAP,3,0,0,3,0,0,0,0,Sony Tablet S,Android,0,,
SonyEricsson,C6602,sonyericsson_c6603_ver1_suban42c6602,sonyericsson_c6603_ver1,WAP,4,0,0,4,0,0,0,0,SonyEricsson C6602,Android,0,,
SonyEricsson,C6602,sonyericsson_c6603_ver1_suban42c6602,sonyericsson_c6603_ver1,GooglePlay,14,0,0,14,0,0,0,0,SonyEricsson C6602,Android,0,,
SonyEricsson,C6603,sonyericsson_c6603_ver1_suban42nose,sonyericsson_c6603_ver1,GooglePlay,1,0,0,1,0,0,0,0,SonyEricsson C6603,Android,0,,
SonyEricsson,C6602,sonyericsson_c6603_ver1_subuac6602,sonyericsson_c6603_ver1,GooglePlay,1,0,0,1,0,0,0,0,SonyEricsson C6602,Android,0,,
SonyEricsson,C6603,sonyericsson_c6603_ver1_subuanose,sonyericsson_c6603_ver1,GooglePlay,1,0,0,1,0,0,0,0,SonyEricsson C6603,Android,0,,
SonyEricsson,J20i,sonyericsson_j20i_ver1_subr7ca,sonyericsson_j20i_ver1,sms,1,0,0,1,0,0,0,0,SonyEricsson J20i,,0,,
SonyEricsson,K850i,sonyericsson_k850i_ver1_subr1ca,sonyericsson_k850i_ver1,WAP,1,0,0,1,0,0,0,0,SonyEricsson K850i,,0,,
SonyEricsson,LT15i,sonyericsson_lt15i_ver1_suban40,sonyericsson_lt15i_ver1,WAP,1,0,0,1,0,0,0,0,SonyEricsson LT15i,Android,0,,
SonyEricsson,LT15i,sonyericsson_lt15i_ver1_suban40,sonyericsson_lt15i_ver1,GooglePlay,2,0,0,2,0,0,0,0,SonyEricsson LT15i,Android,0,,
SonyEricsson,LT22i,sonyericsson_lt22i_ver1_suban40,sonyericsson_lt22i_ver1,GooglePlay,1,0,0,1,0,0,0,0,SonyEricsson LT22i,Android,0,,
SonyEricsson,LT22i,sonyericsson_lt22i_ver1_suban41,sonyericsson_lt22i_ver1,WAP,1,0,0,1,0,0,0,0,SonyEricsson LT22i,Android,0,,
SonyEricsson,LT22i,sonyericsson_lt22i_ver1_suban41sony,sonyericsson_lt22i_ver1,GooglePlay,2,0,0,2,0,0,0,0,SonyEricsson LT22i,Android,0,,
SonyEricsson,LT22i,sonyericsson_lt22i_ver1_subua40_subuachrome,sonyericsson_lt22i_ver1_subua40,GooglePlay,1,0,0,1,0,0,0,0,SonyEricsson LT22i,Android,0,,
SonyEricsson,LT26i,sonyericsson_lt26i_ver1_suban40,sonyericsson_lt26i_ver1,GooglePlay,1,0,0,1,0,0,0,0,SonyEricsson LT26i,Android,0,,
SonyEricsson,LT26i,sonyericsson_lt26i_ver1_suban41ii,sonyericsson_lt26i_ver1,GooglePlay,1,0,0,1,0,0,0,0,SonyEricsson LT26i,Android,0,,
SonyEricsson,LT26i,sonyericsson_lt26i_ver1_suban41nose,sonyericsson_lt26i_ver1,GooglePlay,5,0,0,5,0,0,0,0,SonyEricsson LT26i,Android,0,,
SonyEricsson,LT26i,sonyericsson_lt26i_ver1_suban41sony,sonyericsson_lt26i_ver1,GooglePlay,1,0,0,1,0,0,0,0,SonyEricsson LT26i,Android,0,,
SonyEricsson,LT28h,sonyericsson_lt28i_ver1_suban40h,sonyericsson_lt28i_ver1,GooglePlay,4,0,0,4,0,0,0,0,SonyEricsson LT28h,Android,0,,
SonyEricsson,LT28i,sonyericsson_lt28i_ver1_suban40hnosony,sonyericsson_lt28i_ver1,WAP,1,0,0,1,0,0,0,0,SonyEricsson LT28i,Android,0,,
SonyEricsson,LT28i,sonyericsson_lt28i_ver1_suban40hnosony,sonyericsson_lt28i_ver1,GooglePlay,1,0,0,1,0,0,0,0,SonyEricsson LT28i,Android,0,,
SonyEricsson,LT28i,sonyericsson_lt28i_ver1_suban41hsony,sonyericsson_lt28i_ver1,WAP,1,0,0,1,0,0,0,0,SonyEricsson LT28i,Android,0,,
Sony,LT30p,sonyericsson_lt30p_ver1_suban41nosony,sonyericsson_lt30p_ver1,GooglePlay,3,0,0,3,0,0,0,0,Sony LT30p,Android,0,,
SonyEricsson,MT11i,sonyericsson_mt11i_ver1_subuai,sonyericsson_mt11i_ver1,WAP,1,0,0,1,0,0,0,0,SonyEricsson MT11i,Android,0,,
SonyEricsson,MT25i,sonyericsson_mt25i_ver1_subuanose,sonyericsson_mt25i_ver1,GooglePlay,2,0,0,2,0,0,0,0,SonyEricsson MT25i,Android,0,,
SonyEricsson,MT27i,sonyericsson_mt27i_ver1_subuanose,sonyericsson_mt27i_ver1,GooglePlay,2,0,0,2,0,0,0,0,SonyEricsson MT27i,Android,0,,
SonyEricsson,ST18i,sonyericsson_st18i_ver1_subuaise,sonyericsson_st18i_ver1,GooglePlay,1,0,0,1,0,0,0,0,SonyEricsson ST18i,Android,0,,
SonyEricsson,ST25i,sonyericsson_st25i_ver1_subuanose,sonyericsson_st25i_ver1,WAP,1,0,0,1,0,0,0,0,SonyEricsson ST25i,Android,0,,
SonyEricsson,ST27i,sonyericsson_st27_ver1_subuanose,sonyericsson_st27_ver1,WAP,1,0,0,1,0,0,0,0,SonyEricsson ST27i,Android,0,,
SonyEricsson,W810i,sonyericsson_w810i_ver1_subr4db,sonyericsson_w810i_ver1,WAP,1,0,0,1,0,0,0,0,SonyEricsson W810i,,0,,
